image_path,label
dataset\neutral\neutral_0.jpg,neutral
dataset\sad\sad_0.jpg,sad
dataset\sad\sad_1.jpg,sad
dataset\neutral\neutral_1.jpg,neutral
dataset\sad\sad_2.jpg,sad
dataset\sad\sad_3.jpg,sad
dataset\sad\sad_4.jpg,sad
dataset\sad\sad_5.jpg,sad
dataset\neutral\neutral_2.jpg,neutral
dataset\neutral\neutral_3.jpg,neutral
dataset\neutral\neutral_4.jpg,neutral
dataset\sad\sad_6.jpg,sad
dataset\sad\sad_7.jpg,sad
dataset\sad\sad_8.jpg,sad
dataset\neutral\neutral_5.jpg,neutral
dataset\sad\sad_9.jpg,sad
dataset\neutral\neutral_6.jpg,neutral
dataset\sad\sad_10.jpg,sad
dataset\sad\sad_11.jpg,sad
dataset\neutral\neutral_7.jpg,neutral
dataset\neutral\neutral_8.jpg,neutral
dataset\neutral\neutral_9.jpg,neutral
dataset\neutral\neutral_10.jpg,neutral
dataset\neutral\neutral_11.jpg,neutral
dataset\neutral\neutral_12.jpg,neutral
dataset\neutral\neutral_13.jpg,neutral
dataset\neutral\neutral_14.jpg,neutral
dataset\neutral\neutral_15.jpg,neutral
dataset\neutral\neutral_16.jpg,neutral
dataset\neutral\neutral_17.jpg,neutral
dataset\sad\sad_12.jpg,sad
dataset\sad\sad_13.jpg,sad
dataset\neutral\neutral_18.jpg,neutral
dataset\neutral\neutral_19.jpg,neutral
dataset\sad\sad_14.jpg,sad
dataset\neutral\neutral_20.jpg,neutral
dataset\neutral\neutral_21.jpg,neutral
dataset\neutral\neutral_22.jpg,neutral
dataset\neutral\neutral_23.jpg,neutral
dataset\neutral\neutral_24.jpg,neutral
dataset\neutral\neutral_25.jpg,neutral
dataset\neutral\neutral_26.jpg,neutral
dataset\neutral\neutral_27.jpg,neutral
dataset\neutral\neutral_28.jpg,neutral
dataset\angry\angry_0.jpg,angry
dataset\neutral\neutral_29.jpg,neutral
dataset\neutral\neutral_30.jpg,neutral
dataset\neutral\neutral_31.jpg,neutral
dataset\neutral\neutral_32.jpg,neutral
dataset\neutral\neutral_33.jpg,neutral
dataset\neutral\neutral_34.jpg,neutral
dataset\neutral\neutral_35.jpg,neutral
dataset\neutral\neutral_36.jpg,neutral
dataset\neutral\neutral_37.jpg,neutral
dataset\neutral\neutral_38.jpg,neutral
dataset\neutral\neutral_39.jpg,neutral
dataset\neutral\neutral_40.jpg,neutral
dataset\neutral\neutral_41.jpg,neutral
dataset\neutral\neutral_42.jpg,neutral
dataset\neutral\neutral_43.jpg,neutral
dataset\neutral\neutral_44.jpg,neutral
dataset\neutral\neutral_45.jpg,neutral
dataset\neutral\neutral_46.jpg,neutral
dataset\neutral\neutral_47.jpg,neutral
dataset\neutral\neutral_48.jpg,neutral
dataset\neutral\neutral_49.jpg,neutral
dataset\neutral\neutral_50.jpg,neutral
dataset\neutral\neutral_51.jpg,neutral
dataset\neutral\neutral_52.jpg,neutral
dataset\neutral\neutral_53.jpg,neutral
dataset\neutral\neutral_54.jpg,neutral
dataset\neutral\neutral_55.jpg,neutral
dataset\neutral\neutral_56.jpg,neutral
dataset\neutral\neutral_57.jpg,neutral
dataset\neutral\neutral_58.jpg,neutral
dataset\neutral\neutral_59.jpg,neutral
dataset\neutral\neutral_60.jpg,neutral
dataset\neutral\neutral_61.jpg,neutral
dataset\neutral\neutral_62.jpg,neutral
dataset\neutral\neutral_63.jpg,neutral
dataset\neutral\neutral_64.jpg,neutral
dataset\neutral\neutral_65.jpg,neutral
dataset\neutral\neutral_66.jpg,neutral
dataset\neutral\neutral_67.jpg,neutral
dataset\sad\sad_15.jpg,sad
dataset\neutral\neutral_68.jpg,neutral
dataset\happy\happy_0.jpg,happy
dataset\fear\fear_0.jpg,fear
dataset\sad\sad_16.jpg,sad
dataset\neutral\neutral_69.jpg,neutral
dataset\neutral\neutral_70.jpg,neutral
dataset\neutral\neutral_71.jpg,neutral
dataset\neutral\neutral_72.jpg,neutral
dataset\neutral\neutral_73.jpg,neutral
dataset\neutral\neutral_74.jpg,neutral
dataset\neutral\neutral_75.jpg,neutral
dataset\neutral\neutral_76.jpg,neutral
dataset\neutral\neutral_77.jpg,neutral
dataset\neutral\neutral_78.jpg,neutral
dataset\neutral\neutral_79.jpg,neutral
dataset\neutral\neutral_80.jpg,neutral
dataset\neutral\neutral_81.jpg,neutral
dataset\neutral\neutral_82.jpg,neutral
dataset\neutral\neutral_83.jpg,neutral
dataset\neutral\neutral_84.jpg,neutral
dataset\neutral\neutral_85.jpg,neutral
dataset\neutral\neutral_86.jpg,neutral
dataset\fear\fear_1.jpg,fear
dataset\neutral\neutral_87.jpg,neutral
dataset\fear\fear_2.jpg,fear
dataset\fear\fear_3.jpg,fear
dataset\fear\fear_4.jpg,fear
dataset\fear\fear_5.jpg,fear
dataset\neutral\neutral_88.jpg,neutral
dataset\neutral\neutral_89.jpg,neutral
dataset\neutral\neutral_90.jpg,neutral
dataset\neutral\neutral_91.jpg,neutral
dataset\neutral\neutral_92.jpg,neutral
dataset\neutral\neutral_93.jpg,neutral
dataset\happy\happy_1.jpg,happy
dataset\fear\fear_6.jpg,fear
dataset\happy\happy_2.jpg,happy
dataset\fear\fear_7.jpg,fear
dataset\fear\fear_8.jpg,fear
dataset\fear\fear_9.jpg,fear
dataset\fear\fear_10.jpg,fear
dataset\fear\fear_11.jpg,fear
dataset\fear\fear_12.jpg,fear
dataset\fear\fear_13.jpg,fear
dataset\fear\fear_14.jpg,fear
dataset\happy\happy_3.jpg,happy
dataset\surprise\surprise_0.jpg,surprise
dataset\fear\fear_15.jpg,fear
dataset\fear\fear_16.jpg,fear
dataset\happy\happy_4.jpg,happy
dataset\happy\happy_5.jpg,happy
dataset\fear\fear_17.jpg,fear
dataset\fear\fear_18.jpg,fear
dataset\fear\fear_19.jpg,fear
dataset\happy\happy_6.jpg,happy
dataset\fear\fear_20.jpg,fear
dataset\fear\fear_21.jpg,fear
dataset\fear\fear_22.jpg,fear
dataset\fear\fear_23.jpg,fear
dataset\happy\happy_7.jpg,happy
dataset\happy\happy_8.jpg,happy
dataset\happy\happy_9.jpg,happy
dataset\fear\fear_24.jpg,fear
dataset\happy\happy_10.jpg,happy
dataset\happy\happy_11.jpg,happy
dataset\happy\happy_12.jpg,happy
dataset\happy\happy_13.jpg,happy
dataset\happy\happy_14.jpg,happy
dataset\happy\happy_15.jpg,happy
dataset\neutral\neutral_94.jpg,neutral
dataset\neutral\neutral_95.jpg,neutral
dataset\neutral\neutral_96.jpg,neutral
dataset\neutral\neutral_97.jpg,neutral
dataset\neutral\neutral_98.jpg,neutral
dataset\neutral\neutral_99.jpg,neutral
dataset\neutral\neutral_100.jpg,neutral
dataset\sad\sad_17.jpg,sad
dataset\sad\sad_18.jpg,sad
dataset\neutral\neutral_101.jpg,neutral
dataset\fear\fear_25.jpg,fear
dataset\neutral\neutral_102.jpg,neutral
dataset\neutral\neutral_103.jpg,neutral
dataset\neutral\neutral_104.jpg,neutral
dataset\neutral\neutral_105.jpg,neutral
dataset\neutral\neutral_106.jpg,neutral
dataset\neutral\neutral_107.jpg,neutral
dataset\neutral\neutral_108.jpg,neutral
dataset\fear\fear_26.jpg,fear
dataset\fear\fear_27.jpg,fear
dataset\fear\fear_28.jpg,fear
dataset\fear\fear_29.jpg,fear
dataset\neutral\neutral_109.jpg,neutral
dataset\fear\fear_30.jpg,fear
dataset\neutral\neutral_110.jpg,neutral
dataset\fear\fear_31.jpg,fear
dataset\neutral\neutral_111.jpg,neutral
dataset\neutral\neutral_112.jpg,neutral
dataset\neutral\neutral_113.jpg,neutral
dataset\neutral\neutral_114.jpg,neutral
dataset\sad\sad_19.jpg,sad
dataset\neutral\neutral_115.jpg,neutral
dataset\neutral\neutral_116.jpg,neutral
dataset\neutral\neutral_117.jpg,neutral
dataset\neutral\neutral_118.jpg,neutral
dataset\sad\sad_20.jpg,sad
dataset\neutral\neutral_119.jpg,neutral
dataset\neutral\neutral_120.jpg,neutral
dataset\neutral\neutral_121.jpg,neutral
dataset\neutral\neutral_122.jpg,neutral
dataset\neutral\neutral_123.jpg,neutral
dataset\sad\sad_21.jpg,sad
dataset\neutral\neutral_124.jpg,neutral
dataset\neutral\neutral_125.jpg,neutral
dataset\neutral\neutral_126.jpg,neutral
dataset\neutral\neutral_127.jpg,neutral
dataset\sad\sad_22.jpg,sad
dataset\neutral\neutral_128.jpg,neutral
dataset\angry\angry_1.jpg,angry
dataset\angry\angry_2.jpg,angry
dataset\neutral\neutral_129.jpg,neutral
dataset\angry\angry_3.jpg,angry
dataset\neutral\neutral_130.jpg,neutral
dataset\neutral\neutral_131.jpg,neutral
dataset\neutral\neutral_132.jpg,neutral
dataset\neutral\neutral_133.jpg,neutral
dataset\neutral\neutral_134.jpg,neutral
dataset\neutral\neutral_135.jpg,neutral
dataset\neutral\neutral_136.jpg,neutral
dataset\neutral\neutral_137.jpg,neutral
dataset\neutral\neutral_138.jpg,neutral
dataset\neutral\neutral_139.jpg,neutral
dataset\neutral\neutral_140.jpg,neutral
dataset\neutral\neutral_141.jpg,neutral
dataset\neutral\neutral_142.jpg,neutral
dataset\neutral\neutral_143.jpg,neutral
dataset\neutral\neutral_144.jpg,neutral
dataset\neutral\neutral_145.jpg,neutral
dataset\neutral\neutral_146.jpg,neutral
dataset\neutral\neutral_147.jpg,neutral
dataset\neutral\neutral_148.jpg,neutral
dataset\neutral\neutral_149.jpg,neutral
dataset\neutral\neutral_150.jpg,neutral
dataset\neutral\neutral_151.jpg,neutral
dataset\fear\fear_32.jpg,fear
dataset\fear\fear_33.jpg,fear
dataset\neutral\neutral_152.jpg,neutral
dataset\neutral\neutral_153.jpg,neutral
dataset\neutral\neutral_154.jpg,neutral
dataset\neutral\neutral_155.jpg,neutral
dataset\neutral\neutral_156.jpg,neutral
dataset\fear\fear_34.jpg,fear
dataset\neutral\neutral_157.jpg,neutral
dataset\neutral\neutral_158.jpg,neutral
dataset\neutral\neutral_159.jpg,neutral
dataset\neutral\neutral_160.jpg,neutral
dataset\neutral\neutral_161.jpg,neutral
dataset\neutral\neutral_162.jpg,neutral
dataset\neutral\neutral_163.jpg,neutral
dataset\neutral\neutral_164.jpg,neutral
dataset\neutral\neutral_165.jpg,neutral
dataset\neutral\neutral_166.jpg,neutral
dataset\neutral\neutral_167.jpg,neutral
dataset\neutral\neutral_168.jpg,neutral
dataset\neutral\neutral_169.jpg,neutral
dataset\neutral\neutral_170.jpg,neutral
dataset\neutral\neutral_171.jpg,neutral
dataset\happy\happy_16.jpg,happy
dataset\happy\happy_17.jpg,happy
dataset\neutral\neutral_172.jpg,neutral
dataset\happy\happy_18.jpg,happy
dataset\neutral\neutral_173.jpg,neutral
dataset\neutral\neutral_174.jpg,neutral
dataset\neutral\neutral_175.jpg,neutral
dataset\neutral\neutral_176.jpg,neutral
dataset\fear\fear_35.jpg,fear
dataset\neutral\neutral_177.jpg,neutral
dataset\neutral\neutral_178.jpg,neutral
dataset\neutral\neutral_179.jpg,neutral
dataset\neutral\neutral_180.jpg,neutral
dataset\neutral\neutral_181.jpg,neutral
dataset\neutral\neutral_182.jpg,neutral
dataset\neutral\neutral_183.jpg,neutral
dataset\neutral\neutral_184.jpg,neutral
dataset\neutral\neutral_185.jpg,neutral
dataset\neutral\neutral_186.jpg,neutral
dataset\neutral\neutral_187.jpg,neutral
dataset\neutral\neutral_188.jpg,neutral
dataset\neutral\neutral_189.jpg,neutral
dataset\neutral\neutral_190.jpg,neutral
dataset\neutral\neutral_191.jpg,neutral
dataset\neutral\neutral_192.jpg,neutral
dataset\neutral\neutral_193.jpg,neutral
dataset\neutral\neutral_194.jpg,neutral
dataset\neutral\neutral_195.jpg,neutral
dataset\neutral\neutral_196.jpg,neutral
dataset\neutral\neutral_197.jpg,neutral
dataset\neutral\neutral_198.jpg,neutral
dataset\neutral\neutral_199.jpg,neutral
dataset\neutral\neutral_200.jpg,neutral
dataset\neutral\neutral_201.jpg,neutral
dataset\neutral\neutral_202.jpg,neutral
dataset\neutral\neutral_203.jpg,neutral
dataset\neutral\neutral_204.jpg,neutral
dataset\neutral\neutral_205.jpg,neutral
dataset\neutral\neutral_206.jpg,neutral
dataset\neutral\neutral_207.jpg,neutral
dataset\neutral\neutral_208.jpg,neutral
dataset\neutral\neutral_209.jpg,neutral
dataset\neutral\neutral_210.jpg,neutral
dataset\neutral\neutral_211.jpg,neutral
dataset\neutral\neutral_212.jpg,neutral
dataset\neutral\neutral_213.jpg,neutral
dataset\neutral\neutral_214.jpg,neutral
dataset\neutral\neutral_215.jpg,neutral
dataset\neutral\neutral_216.jpg,neutral
dataset\neutral\neutral_217.jpg,neutral
dataset\neutral\neutral_218.jpg,neutral
dataset\neutral\neutral_219.jpg,neutral
dataset\neutral\neutral_220.jpg,neutral
dataset\neutral\neutral_221.jpg,neutral
dataset\neutral\neutral_222.jpg,neutral
dataset\neutral\neutral_223.jpg,neutral
dataset\neutral\neutral_224.jpg,neutral
dataset\neutral\neutral_225.jpg,neutral
dataset\neutral\neutral_226.jpg,neutral
dataset\neutral\neutral_227.jpg,neutral
dataset\neutral\neutral_228.jpg,neutral
dataset\neutral\neutral_229.jpg,neutral
dataset\neutral\neutral_230.jpg,neutral
dataset\neutral\neutral_231.jpg,neutral
dataset\neutral\neutral_232.jpg,neutral
dataset\neutral\neutral_233.jpg,neutral
dataset\neutral\neutral_234.jpg,neutral
dataset\happy\happy_19.jpg,happy
dataset\neutral\neutral_235.jpg,neutral
dataset\neutral\neutral_236.jpg,neutral
dataset\neutral\neutral_237.jpg,neutral
dataset\neutral\neutral_238.jpg,neutral
dataset\neutral\neutral_239.jpg,neutral
dataset\neutral\neutral_240.jpg,neutral
dataset\neutral\neutral_241.jpg,neutral
dataset\neutral\neutral_242.jpg,neutral
dataset\neutral\neutral_243.jpg,neutral
dataset\neutral\neutral_244.jpg,neutral
dataset\neutral\neutral_245.jpg,neutral
dataset\neutral\neutral_246.jpg,neutral
dataset\neutral\neutral_247.jpg,neutral
dataset\neutral\neutral_248.jpg,neutral
dataset\neutral\neutral_249.jpg,neutral
dataset\neutral\neutral_250.jpg,neutral
dataset\neutral\neutral_251.jpg,neutral
dataset\neutral\neutral_252.jpg,neutral
dataset\neutral\neutral_253.jpg,neutral
dataset\neutral\neutral_254.jpg,neutral
dataset\neutral\neutral_255.jpg,neutral
dataset\neutral\neutral_256.jpg,neutral
dataset\neutral\neutral_257.jpg,neutral
dataset\neutral\neutral_258.jpg,neutral
dataset\neutral\neutral_259.jpg,neutral
dataset\neutral\neutral_260.jpg,neutral
dataset\neutral\neutral_261.jpg,neutral
dataset\neutral\neutral_262.jpg,neutral
dataset\neutral\neutral_263.jpg,neutral
dataset\neutral\neutral_264.jpg,neutral
dataset\neutral\neutral_265.jpg,neutral
dataset\neutral\neutral_266.jpg,neutral
dataset\neutral\neutral_267.jpg,neutral
dataset\neutral\neutral_268.jpg,neutral
dataset\neutral\neutral_269.jpg,neutral
dataset\neutral\neutral_270.jpg,neutral
dataset\neutral\neutral_271.jpg,neutral
dataset\neutral\neutral_272.jpg,neutral
dataset\neutral\neutral_273.jpg,neutral
dataset\happy\happy_20.jpg,happy
dataset\neutral\neutral_274.jpg,neutral
dataset\happy\happy_21.jpg,happy
dataset\happy\happy_22.jpg,happy
dataset\neutral\neutral_275.jpg,neutral
dataset\neutral\neutral_276.jpg,neutral
dataset\neutral\neutral_277.jpg,neutral
dataset\neutral\neutral_278.jpg,neutral
dataset\happy\happy_23.jpg,happy
dataset\angry\angry_4.jpg,angry
dataset\happy\happy_24.jpg,happy
dataset\happy\happy_25.jpg,happy
dataset\happy\happy_26.jpg,happy
dataset\happy\happy_27.jpg,happy
dataset\happy\happy_28.jpg,happy
dataset\happy\happy_29.jpg,happy
dataset\happy\happy_30.jpg,happy
dataset\happy\happy_31.jpg,happy
dataset\neutral\neutral_279.jpg,neutral
dataset\neutral\neutral_280.jpg,neutral
dataset\happy\happy_32.jpg,happy
dataset\neutral\neutral_281.jpg,neutral
dataset\neutral\neutral_282.jpg,neutral
dataset\neutral\neutral_283.jpg,neutral
dataset\neutral\neutral_284.jpg,neutral
dataset\neutral\neutral_285.jpg,neutral
dataset\happy\happy_33.jpg,happy
dataset\happy\happy_34.jpg,happy
dataset\happy\happy_35.jpg,happy
dataset\happy\happy_36.jpg,happy
dataset\neutral\neutral_286.jpg,neutral
dataset\happy\happy_37.jpg,happy
dataset\happy\happy_38.jpg,happy
dataset\happy\happy_39.jpg,happy
dataset\happy\happy_40.jpg,happy
dataset\neutral\neutral_287.jpg,neutral
dataset\neutral\neutral_288.jpg,neutral
dataset\neutral\neutral_289.jpg,neutral
dataset\happy\happy_41.jpg,happy
dataset\happy\happy_42.jpg,happy
dataset\happy\happy_43.jpg,happy
dataset\happy\happy_44.jpg,happy
dataset\happy\happy_45.jpg,happy
dataset\happy\happy_46.jpg,happy
dataset\happy\happy_47.jpg,happy
dataset\happy\happy_48.jpg,happy
dataset\happy\happy_49.jpg,happy
dataset\happy\happy_50.jpg,happy
dataset\happy\happy_51.jpg,happy
dataset\happy\happy_52.jpg,happy
dataset\happy\happy_53.jpg,happy
dataset\happy\happy_54.jpg,happy
dataset\happy\happy_55.jpg,happy
dataset\happy\happy_56.jpg,happy
dataset\happy\happy_57.jpg,happy
dataset\neutral\neutral_290.jpg,neutral
dataset\neutral\neutral_291.jpg,neutral
dataset\neutral\neutral_292.jpg,neutral
dataset\happy\happy_58.jpg,happy
dataset\happy\happy_59.jpg,happy
dataset\neutral\neutral_293.jpg,neutral
dataset\happy\happy_60.jpg,happy
dataset\happy\happy_61.jpg,happy
dataset\happy\happy_62.jpg,happy
dataset\happy\happy_63.jpg,happy
dataset\happy\happy_64.jpg,happy
dataset\happy\happy_65.jpg,happy
dataset\happy\happy_66.jpg,happy
dataset\happy\happy_67.jpg,happy
dataset\happy\happy_68.jpg,happy
dataset\happy\happy_69.jpg,happy
dataset\happy\happy_70.jpg,happy
dataset\happy\happy_71.jpg,happy
dataset\happy\happy_72.jpg,happy
dataset\happy\happy_73.jpg,happy
dataset\happy\happy_74.jpg,happy
dataset\happy\happy_75.jpg,happy
dataset\happy\happy_76.jpg,happy
dataset\neutral\neutral_294.jpg,neutral
dataset\happy\happy_77.jpg,happy
dataset\happy\happy_78.jpg,happy
dataset\neutral\neutral_295.jpg,neutral
dataset\neutral\neutral_296.jpg,neutral
dataset\neutral\neutral_297.jpg,neutral
dataset\neutral\neutral_298.jpg,neutral
dataset\neutral\neutral_299.jpg,neutral
dataset\neutral\neutral_300.jpg,neutral
dataset\neutral\neutral_301.jpg,neutral
dataset\fear\fear_36.jpg,fear
dataset\happy\happy_79.jpg,happy
dataset\neutral\neutral_302.jpg,neutral
dataset\neutral\neutral_303.jpg,neutral
dataset\neutral\neutral_304.jpg,neutral
dataset\happy\happy_80.jpg,happy
dataset\happy\happy_81.jpg,happy
dataset\happy\happy_82.jpg,happy
dataset\happy\happy_83.jpg,happy
dataset\happy\happy_84.jpg,happy
dataset\neutral\neutral_305.jpg,neutral
dataset\happy\happy_85.jpg,happy
dataset\happy\happy_86.jpg,happy
dataset\neutral\neutral_306.jpg,neutral
dataset\neutral\neutral_307.jpg,neutral
dataset\happy\happy_87.jpg,happy
dataset\happy\happy_88.jpg,happy
dataset\happy\happy_89.jpg,happy
dataset\happy\happy_90.jpg,happy
dataset\happy\happy_91.jpg,happy
dataset\happy\happy_92.jpg,happy
dataset\happy\happy_93.jpg,happy
dataset\neutral\neutral_308.jpg,neutral
dataset\happy\happy_94.jpg,happy
dataset\neutral\neutral_309.jpg,neutral
dataset\happy\happy_95.jpg,happy
dataset\happy\happy_96.jpg,happy
dataset\happy\happy_97.jpg,happy
dataset\happy\happy_98.jpg,happy
dataset\happy\happy_99.jpg,happy
dataset\neutral\neutral_310.jpg,neutral
dataset\neutral\neutral_311.jpg,neutral
dataset\happy\happy_100.jpg,happy
dataset\neutral\neutral_312.jpg,neutral
dataset\neutral\neutral_313.jpg,neutral
dataset\neutral\neutral_314.jpg,neutral
dataset\neutral\neutral_315.jpg,neutral
dataset\neutral\neutral_316.jpg,neutral
dataset\neutral\neutral_317.jpg,neutral
dataset\happy\happy_101.jpg,happy
dataset\neutral\neutral_318.jpg,neutral
dataset\happy\happy_102.jpg,happy
dataset\happy\happy_103.jpg,happy
dataset\neutral\neutral_319.jpg,neutral
dataset\neutral\neutral_320.jpg,neutral
dataset\happy\happy_104.jpg,happy
dataset\neutral\neutral_321.jpg,neutral
dataset\neutral\neutral_322.jpg,neutral
dataset\neutral\neutral_323.jpg,neutral
dataset\neutral\neutral_324.jpg,neutral
dataset\neutral\neutral_325.jpg,neutral
dataset\neutral\neutral_326.jpg,neutral
dataset\neutral\neutral_327.jpg,neutral
dataset\neutral\neutral_328.jpg,neutral
dataset\neutral\neutral_329.jpg,neutral
dataset\neutral\neutral_330.jpg,neutral
dataset\neutral\neutral_331.jpg,neutral
dataset\neutral\neutral_332.jpg,neutral
dataset\neutral\neutral_333.jpg,neutral
dataset\neutral\neutral_334.jpg,neutral
dataset\neutral\neutral_335.jpg,neutral
dataset\neutral\neutral_336.jpg,neutral
dataset\neutral\neutral_337.jpg,neutral
dataset\neutral\neutral_338.jpg,neutral
dataset\neutral\neutral_339.jpg,neutral
dataset\neutral\neutral_340.jpg,neutral
dataset\neutral\neutral_341.jpg,neutral
dataset\neutral\neutral_342.jpg,neutral
dataset\neutral\neutral_343.jpg,neutral
dataset\neutral\neutral_344.jpg,neutral
dataset\neutral\neutral_345.jpg,neutral
dataset\neutral\neutral_346.jpg,neutral
dataset\neutral\neutral_347.jpg,neutral
dataset\neutral\neutral_348.jpg,neutral
dataset\neutral\neutral_349.jpg,neutral
dataset\neutral\neutral_350.jpg,neutral
dataset\neutral\neutral_351.jpg,neutral
dataset\neutral\neutral_352.jpg,neutral
dataset\neutral\neutral_353.jpg,neutral
dataset\neutral\neutral_354.jpg,neutral
dataset\neutral\neutral_355.jpg,neutral
dataset\neutral\neutral_356.jpg,neutral
dataset\neutral\neutral_357.jpg,neutral
dataset\neutral\neutral_358.jpg,neutral
dataset\neutral\neutral_359.jpg,neutral
dataset\neutral\neutral_360.jpg,neutral
dataset\neutral\neutral_361.jpg,neutral
dataset\neutral\neutral_362.jpg,neutral
dataset\neutral\neutral_363.jpg,neutral
dataset\neutral\neutral_364.jpg,neutral
dataset\neutral\neutral_365.jpg,neutral
dataset\neutral\neutral_366.jpg,neutral
dataset\neutral\neutral_367.jpg,neutral
dataset\neutral\neutral_368.jpg,neutral
dataset\neutral\neutral_369.jpg,neutral
dataset\neutral\neutral_370.jpg,neutral
dataset\neutral\neutral_371.jpg,neutral
dataset\neutral\neutral_372.jpg,neutral
dataset\neutral\neutral_373.jpg,neutral
dataset\neutral\neutral_374.jpg,neutral
dataset\neutral\neutral_375.jpg,neutral
dataset\neutral\neutral_376.jpg,neutral
dataset\neutral\neutral_377.jpg,neutral
dataset\neutral\neutral_378.jpg,neutral
dataset\neutral\neutral_379.jpg,neutral
dataset\neutral\neutral_380.jpg,neutral
dataset\neutral\neutral_381.jpg,neutral
dataset\neutral\neutral_382.jpg,neutral
dataset\neutral\neutral_383.jpg,neutral
dataset\neutral\neutral_384.jpg,neutral
dataset\neutral\neutral_385.jpg,neutral
dataset\neutral\neutral_386.jpg,neutral
dataset\neutral\neutral_387.jpg,neutral
dataset\neutral\neutral_388.jpg,neutral
dataset\neutral\neutral_389.jpg,neutral
dataset\neutral\neutral_390.jpg,neutral
dataset\neutral\neutral_391.jpg,neutral
dataset\neutral\neutral_392.jpg,neutral
dataset\neutral\neutral_393.jpg,neutral
dataset\neutral\neutral_394.jpg,neutral
dataset\neutral\neutral_395.jpg,neutral
dataset\neutral\neutral_396.jpg,neutral
dataset\neutral\neutral_397.jpg,neutral
dataset\neutral\neutral_398.jpg,neutral
dataset\neutral\neutral_399.jpg,neutral
dataset\neutral\neutral_400.jpg,neutral
dataset\neutral\neutral_401.jpg,neutral
dataset\neutral\neutral_402.jpg,neutral
dataset\neutral\neutral_403.jpg,neutral
dataset\neutral\neutral_404.jpg,neutral
dataset\neutral\neutral_405.jpg,neutral
dataset\neutral\neutral_406.jpg,neutral
dataset\neutral\neutral_407.jpg,neutral
dataset\neutral\neutral_408.jpg,neutral
dataset\neutral\neutral_409.jpg,neutral
dataset\neutral\neutral_410.jpg,neutral
dataset\neutral\neutral_411.jpg,neutral
dataset\neutral\neutral_412.jpg,neutral
dataset\neutral\neutral_413.jpg,neutral
dataset\neutral\neutral_414.jpg,neutral
dataset\neutral\neutral_415.jpg,neutral
dataset\neutral\neutral_416.jpg,neutral
dataset\neutral\neutral_417.jpg,neutral
dataset\neutral\neutral_418.jpg,neutral
dataset\neutral\neutral_419.jpg,neutral
dataset\neutral\neutral_420.jpg,neutral
dataset\neutral\neutral_421.jpg,neutral
dataset\neutral\neutral_422.jpg,neutral
dataset\neutral\neutral_423.jpg,neutral
dataset\neutral\neutral_424.jpg,neutral
dataset\neutral\neutral_425.jpg,neutral
dataset\neutral\neutral_426.jpg,neutral
dataset\neutral\neutral_427.jpg,neutral
dataset\neutral\neutral_428.jpg,neutral
dataset\neutral\neutral_429.jpg,neutral
dataset\neutral\neutral_430.jpg,neutral
dataset\neutral\neutral_431.jpg,neutral
dataset\neutral\neutral_432.jpg,neutral
dataset\neutral\neutral_433.jpg,neutral
dataset\neutral\neutral_434.jpg,neutral
dataset\neutral\neutral_435.jpg,neutral
dataset\neutral\neutral_436.jpg,neutral
dataset\neutral\neutral_437.jpg,neutral
dataset\neutral\neutral_438.jpg,neutral
dataset\neutral\neutral_439.jpg,neutral
dataset\neutral\neutral_440.jpg,neutral
dataset\neutral\neutral_441.jpg,neutral
dataset\neutral\neutral_442.jpg,neutral
dataset\neutral\neutral_443.jpg,neutral
dataset\neutral\neutral_444.jpg,neutral
dataset\neutral\neutral_445.jpg,neutral
dataset\neutral\neutral_446.jpg,neutral
dataset\neutral\neutral_447.jpg,neutral
dataset\neutral\neutral_448.jpg,neutral
dataset\happy\happy_105.jpg,happy
dataset\happy\happy_106.jpg,happy
dataset\neutral\neutral_449.jpg,neutral
dataset\happy\happy_107.jpg,happy
dataset\happy\happy_108.jpg,happy
dataset\neutral\neutral_450.jpg,neutral
dataset\neutral\neutral_451.jpg,neutral
dataset\neutral\neutral_452.jpg,neutral
dataset\neutral\neutral_453.jpg,neutral
dataset\neutral\neutral_454.jpg,neutral
dataset\neutral\neutral_455.jpg,neutral
dataset\neutral\neutral_456.jpg,neutral
dataset\neutral\neutral_457.jpg,neutral
dataset\neutral\neutral_458.jpg,neutral
dataset\neutral\neutral_459.jpg,neutral
dataset\neutral\neutral_460.jpg,neutral
dataset\neutral\neutral_461.jpg,neutral
dataset\neutral\neutral_462.jpg,neutral
dataset\neutral\neutral_463.jpg,neutral
dataset\neutral\neutral_464.jpg,neutral
dataset\neutral\neutral_465.jpg,neutral
dataset\neutral\neutral_466.jpg,neutral
dataset\neutral\neutral_467.jpg,neutral
dataset\neutral\neutral_468.jpg,neutral
dataset\neutral\neutral_469.jpg,neutral
dataset\sad\sad_23.jpg,sad
dataset\happy\happy_109.jpg,happy
dataset\fear\fear_37.jpg,fear
dataset\neutral\neutral_470.jpg,neutral
dataset\sad\sad_24.jpg,sad
dataset\neutral\neutral_471.jpg,neutral
dataset\neutral\neutral_472.jpg,neutral
dataset\sad\sad_25.jpg,sad
dataset\neutral\neutral_473.jpg,neutral
dataset\happy\happy_110.jpg,happy
dataset\neutral\neutral_474.jpg,neutral
dataset\happy\happy_111.jpg,happy
dataset\happy\happy_112.jpg,happy
dataset\happy\happy_113.jpg,happy
dataset\sad\sad_26.jpg,sad
dataset\neutral\neutral_475.jpg,neutral
dataset\neutral\neutral_476.jpg,neutral
dataset\neutral\neutral_477.jpg,neutral
dataset\happy\happy_114.jpg,happy
dataset\happy\happy_115.jpg,happy
dataset\neutral\neutral_478.jpg,neutral
dataset\happy\happy_116.jpg,happy
dataset\happy\happy_117.jpg,happy
dataset\happy\happy_118.jpg,happy
dataset\happy\happy_119.jpg,happy
dataset\happy\happy_120.jpg,happy
dataset\happy\happy_121.jpg,happy
dataset\happy\happy_122.jpg,happy
dataset\neutral\neutral_479.jpg,neutral
dataset\neutral\neutral_480.jpg,neutral
dataset\neutral\neutral_481.jpg,neutral
dataset\neutral\neutral_482.jpg,neutral
dataset\neutral\neutral_483.jpg,neutral
dataset\neutral\neutral_484.jpg,neutral
dataset\neutral\neutral_485.jpg,neutral
dataset\neutral\neutral_486.jpg,neutral
dataset\happy\happy_123.jpg,happy
dataset\neutral\neutral_487.jpg,neutral
dataset\neutral\neutral_488.jpg,neutral
dataset\neutral\neutral_489.jpg,neutral
dataset\happy\happy_124.jpg,happy
dataset\happy\happy_125.jpg,happy
dataset\neutral\neutral_490.jpg,neutral
dataset\happy\happy_126.jpg,happy
dataset\neutral\neutral_491.jpg,neutral
dataset\sad\sad_27.jpg,sad
dataset\sad\sad_28.jpg,sad
dataset\neutral\neutral_492.jpg,neutral
dataset\surprise\surprise_1.jpg,surprise
dataset\sad\sad_29.jpg,sad
dataset\neutral\neutral_493.jpg,neutral
dataset\angry\angry_5.jpg,angry
dataset\neutral\neutral_494.jpg,neutral
dataset\neutral\neutral_495.jpg,neutral
dataset\neutral\neutral_496.jpg,neutral
dataset\happy\happy_127.jpg,happy
dataset\happy\happy_128.jpg,happy
dataset\happy\happy_129.jpg,happy
dataset\happy\happy_130.jpg,happy
dataset\sad\sad_30.jpg,sad
dataset\happy\happy_131.jpg,happy
dataset\happy\happy_132.jpg,happy
dataset\neutral\neutral_497.jpg,neutral
dataset\neutral\neutral_498.jpg,neutral
dataset\fear\fear_38.jpg,fear
dataset\fear\fear_39.jpg,fear
dataset\happy\happy_133.jpg,happy
dataset\fear\fear_40.jpg,fear
dataset\neutral\neutral_499.jpg,neutral
dataset\surprise\surprise_2.jpg,surprise
dataset\surprise\surprise_3.jpg,surprise
dataset\surprise\surprise_4.jpg,surprise
dataset\happy\happy_134.jpg,happy
dataset\happy\happy_135.jpg,happy
dataset\happy\happy_136.jpg,happy
dataset\happy\happy_137.jpg,happy
dataset\happy\happy_138.jpg,happy
dataset\angry\angry_6.jpg,angry
dataset\sad\sad_31.jpg,sad
dataset\happy\happy_139.jpg,happy
dataset\angry\angry_7.jpg,angry
dataset\happy\happy_140.jpg,happy
dataset\happy\happy_141.jpg,happy
dataset\happy\happy_142.jpg,happy
dataset\happy\happy_143.jpg,happy
dataset\angry\angry_8.jpg,angry
dataset\happy\happy_144.jpg,happy
dataset\happy\happy_145.jpg,happy
dataset\happy\happy_146.jpg,happy
dataset\happy\happy_147.jpg,happy
dataset\happy\happy_148.jpg,happy
dataset\happy\happy_149.jpg,happy
dataset\happy\happy_150.jpg,happy
dataset\happy\happy_151.jpg,happy
dataset\happy\happy_152.jpg,happy
dataset\happy\happy_153.jpg,happy
dataset\happy\happy_154.jpg,happy
dataset\surprise\surprise_5.jpg,surprise
dataset\happy\happy_155.jpg,happy
dataset\happy\happy_156.jpg,happy
dataset\happy\happy_157.jpg,happy
dataset\happy\happy_158.jpg,happy
dataset\happy\happy_159.jpg,happy
dataset\happy\happy_160.jpg,happy
dataset\happy\happy_161.jpg,happy
dataset\happy\happy_162.jpg,happy
dataset\happy\happy_163.jpg,happy
dataset\happy\happy_164.jpg,happy
dataset\happy\happy_165.jpg,happy
dataset\happy\happy_166.jpg,happy
dataset\angry\angry_9.jpg,angry
dataset\happy\happy_167.jpg,happy
dataset\happy\happy_168.jpg,happy
dataset\happy\happy_169.jpg,happy
dataset\happy\happy_170.jpg,happy
dataset\happy\happy_171.jpg,happy
dataset\happy\happy_172.jpg,happy
dataset\happy\happy_173.jpg,happy
dataset\happy\happy_174.jpg,happy
dataset\happy\happy_175.jpg,happy
dataset\happy\happy_176.jpg,happy
dataset\happy\happy_177.jpg,happy
dataset\happy\happy_178.jpg,happy
dataset\happy\happy_179.jpg,happy
dataset\happy\happy_180.jpg,happy
dataset\happy\happy_181.jpg,happy
dataset\happy\happy_182.jpg,happy
dataset\happy\happy_183.jpg,happy
dataset\happy\happy_184.jpg,happy
dataset\happy\happy_185.jpg,happy
dataset\happy\happy_186.jpg,happy
dataset\happy\happy_187.jpg,happy
dataset\happy\happy_188.jpg,happy
dataset\happy\happy_189.jpg,happy
dataset\happy\happy_190.jpg,happy
dataset\happy\happy_191.jpg,happy
dataset\happy\happy_192.jpg,happy
dataset\happy\happy_193.jpg,happy
dataset\happy\happy_194.jpg,happy
dataset\happy\happy_195.jpg,happy
dataset\happy\happy_196.jpg,happy
dataset\happy\happy_197.jpg,happy
dataset\happy\happy_198.jpg,happy
dataset\happy\happy_199.jpg,happy
dataset\happy\happy_200.jpg,happy
dataset\happy\happy_201.jpg,happy
dataset\happy\happy_202.jpg,happy
dataset\happy\happy_203.jpg,happy
dataset\happy\happy_204.jpg,happy
dataset\happy\happy_205.jpg,happy
dataset\happy\happy_206.jpg,happy
dataset\happy\happy_207.jpg,happy
dataset\happy\happy_208.jpg,happy
dataset\happy\happy_209.jpg,happy
dataset\happy\happy_210.jpg,happy
dataset\happy\happy_211.jpg,happy
dataset\happy\happy_212.jpg,happy
dataset\happy\happy_213.jpg,happy
dataset\happy\happy_214.jpg,happy
dataset\happy\happy_215.jpg,happy
dataset\happy\happy_216.jpg,happy
dataset\sad\sad_32.jpg,sad
dataset\fear\fear_41.jpg,fear
dataset\fear\fear_42.jpg,fear
dataset\fear\fear_43.jpg,fear
dataset\fear\fear_44.jpg,fear
dataset\fear\fear_45.jpg,fear
dataset\angry\angry_10.jpg,angry
dataset\happy\happy_217.jpg,happy
dataset\fear\fear_46.jpg,fear
dataset\happy\happy_218.jpg,happy
dataset\happy\happy_219.jpg,happy
dataset\happy\happy_220.jpg,happy
dataset\happy\happy_221.jpg,happy
dataset\happy\happy_222.jpg,happy
dataset\happy\happy_223.jpg,happy
dataset\happy\happy_224.jpg,happy
dataset\happy\happy_225.jpg,happy
dataset\happy\happy_226.jpg,happy
dataset\happy\happy_227.jpg,happy
dataset\happy\happy_228.jpg,happy
dataset\happy\happy_229.jpg,happy
dataset\happy\happy_230.jpg,happy
dataset\happy\happy_231.jpg,happy
dataset\happy\happy_232.jpg,happy
dataset\happy\happy_233.jpg,happy
dataset\happy\happy_234.jpg,happy
dataset\happy\happy_235.jpg,happy
dataset\happy\happy_236.jpg,happy
dataset\happy\happy_237.jpg,happy
dataset\happy\happy_238.jpg,happy
dataset\happy\happy_239.jpg,happy
dataset\happy\happy_240.jpg,happy
dataset\happy\happy_241.jpg,happy
dataset\happy\happy_242.jpg,happy
dataset\happy\happy_243.jpg,happy
dataset\happy\happy_244.jpg,happy
dataset\happy\happy_245.jpg,happy
dataset\happy\happy_246.jpg,happy
dataset\happy\happy_247.jpg,happy
dataset\happy\happy_248.jpg,happy
dataset\happy\happy_249.jpg,happy
dataset\happy\happy_250.jpg,happy
dataset\happy\happy_251.jpg,happy
dataset\happy\happy_252.jpg,happy
dataset\happy\happy_253.jpg,happy
dataset\happy\happy_254.jpg,happy
dataset\happy\happy_255.jpg,happy
dataset\happy\happy_256.jpg,happy
dataset\angry\angry_11.jpg,angry
dataset\happy\happy_257.jpg,happy
dataset\fear\fear_47.jpg,fear
dataset\happy\happy_258.jpg,happy
dataset\angry\angry_12.jpg,angry
dataset\happy\happy_259.jpg,happy
dataset\sad\sad_33.jpg,sad
dataset\fear\fear_48.jpg,fear
dataset\fear\fear_49.jpg,fear
dataset\fear\fear_50.jpg,fear
dataset\fear\fear_51.jpg,fear
dataset\fear\fear_52.jpg,fear
dataset\fear\fear_53.jpg,fear
dataset\fear\fear_54.jpg,fear
dataset\happy\happy_260.jpg,happy
dataset\happy\happy_261.jpg,happy
dataset\happy\happy_262.jpg,happy
dataset\happy\happy_263.jpg,happy
dataset\happy\happy_264.jpg,happy
dataset\happy\happy_265.jpg,happy
dataset\happy\happy_266.jpg,happy
dataset\happy\happy_267.jpg,happy
dataset\happy\happy_268.jpg,happy
dataset\happy\happy_269.jpg,happy
dataset\happy\happy_270.jpg,happy
dataset\happy\happy_271.jpg,happy
dataset\happy\happy_272.jpg,happy
dataset\happy\happy_273.jpg,happy
dataset\happy\happy_274.jpg,happy
dataset\happy\happy_275.jpg,happy
dataset\happy\happy_276.jpg,happy
dataset\happy\happy_277.jpg,happy
dataset\happy\happy_278.jpg,happy
dataset\happy\happy_279.jpg,happy
dataset\happy\happy_280.jpg,happy
dataset\happy\happy_281.jpg,happy
dataset\happy\happy_282.jpg,happy
dataset\happy\happy_283.jpg,happy
dataset\happy\happy_284.jpg,happy
dataset\happy\happy_285.jpg,happy
dataset\happy\happy_286.jpg,happy
dataset\happy\happy_287.jpg,happy
dataset\happy\happy_288.jpg,happy
dataset\happy\happy_289.jpg,happy
dataset\happy\happy_290.jpg,happy
dataset\happy\happy_291.jpg,happy
dataset\happy\happy_292.jpg,happy
dataset\happy\happy_293.jpg,happy
dataset\happy\happy_294.jpg,happy
dataset\happy\happy_295.jpg,happy
dataset\happy\happy_296.jpg,happy
dataset\happy\happy_297.jpg,happy
dataset\happy\happy_298.jpg,happy
dataset\happy\happy_299.jpg,happy
dataset\happy\happy_300.jpg,happy
dataset\happy\happy_301.jpg,happy
dataset\happy\happy_302.jpg,happy
dataset\happy\happy_303.jpg,happy
dataset\happy\happy_304.jpg,happy
dataset\happy\happy_305.jpg,happy
dataset\happy\happy_306.jpg,happy
dataset\happy\happy_307.jpg,happy
dataset\happy\happy_308.jpg,happy
dataset\happy\happy_309.jpg,happy
dataset\happy\happy_310.jpg,happy
dataset\happy\happy_311.jpg,happy
dataset\happy\happy_312.jpg,happy
dataset\happy\happy_313.jpg,happy
dataset\happy\happy_314.jpg,happy
dataset\happy\happy_315.jpg,happy
dataset\happy\happy_316.jpg,happy
dataset\happy\happy_317.jpg,happy
dataset\happy\happy_318.jpg,happy
dataset\happy\happy_319.jpg,happy
dataset\happy\happy_320.jpg,happy
dataset\fear\fear_55.jpg,fear
dataset\happy\happy_321.jpg,happy
dataset\happy\happy_322.jpg,happy
dataset\happy\happy_323.jpg,happy
dataset\happy\happy_324.jpg,happy
dataset\happy\happy_325.jpg,happy
dataset\happy\happy_326.jpg,happy
dataset\happy\happy_327.jpg,happy
dataset\happy\happy_328.jpg,happy
dataset\happy\happy_329.jpg,happy
dataset\happy\happy_330.jpg,happy
dataset\angry\angry_13.jpg,angry
dataset\happy\happy_331.jpg,happy
dataset\happy\happy_332.jpg,happy
dataset\happy\happy_333.jpg,happy
dataset\happy\happy_334.jpg,happy
dataset\fear\fear_56.jpg,fear
dataset\happy\happy_335.jpg,happy
dataset\happy\happy_336.jpg,happy
dataset\happy\happy_337.jpg,happy
dataset\angry\angry_14.jpg,angry
dataset\happy\happy_338.jpg,happy
dataset\happy\happy_339.jpg,happy
dataset\happy\happy_340.jpg,happy
dataset\happy\happy_341.jpg,happy
dataset\happy\happy_342.jpg,happy
dataset\happy\happy_343.jpg,happy
dataset\happy\happy_344.jpg,happy
dataset\happy\happy_345.jpg,happy
dataset\happy\happy_346.jpg,happy
dataset\happy\happy_347.jpg,happy
dataset\happy\happy_348.jpg,happy
dataset\happy\happy_349.jpg,happy
dataset\happy\happy_350.jpg,happy
dataset\happy\happy_351.jpg,happy
dataset\happy\happy_352.jpg,happy
dataset\happy\happy_353.jpg,happy
dataset\sad\sad_34.jpg,sad
dataset\happy\happy_354.jpg,happy
dataset\happy\happy_355.jpg,happy
dataset\fear\fear_57.jpg,fear
dataset\happy\happy_356.jpg,happy
dataset\fear\fear_58.jpg,fear
dataset\happy\happy_357.jpg,happy
dataset\fear\fear_59.jpg,fear
dataset\happy\happy_358.jpg,happy
dataset\happy\happy_359.jpg,happy
dataset\happy\happy_360.jpg,happy
dataset\happy\happy_361.jpg,happy
dataset\happy\happy_362.jpg,happy
dataset\happy\happy_363.jpg,happy
dataset\happy\happy_364.jpg,happy
dataset\fear\fear_60.jpg,fear
dataset\happy\happy_365.jpg,happy
dataset\happy\happy_366.jpg,happy
dataset\happy\happy_367.jpg,happy
dataset\happy\happy_368.jpg,happy
dataset\happy\happy_369.jpg,happy
dataset\happy\happy_370.jpg,happy
dataset\happy\happy_371.jpg,happy
dataset\fear\fear_61.jpg,fear
dataset\happy\happy_372.jpg,happy
dataset\happy\happy_373.jpg,happy
dataset\happy\happy_374.jpg,happy
dataset\happy\happy_375.jpg,happy
dataset\happy\happy_376.jpg,happy
dataset\happy\happy_377.jpg,happy
dataset\happy\happy_378.jpg,happy
dataset\fear\fear_62.jpg,fear
dataset\happy\happy_379.jpg,happy
dataset\happy\happy_380.jpg,happy
dataset\happy\happy_381.jpg,happy
dataset\fear\fear_63.jpg,fear
dataset\happy\happy_382.jpg,happy
dataset\fear\fear_64.jpg,fear
dataset\happy\happy_383.jpg,happy
dataset\happy\happy_384.jpg,happy
dataset\happy\happy_385.jpg,happy
dataset\happy\happy_386.jpg,happy
dataset\happy\happy_387.jpg,happy
dataset\happy\happy_388.jpg,happy
dataset\happy\happy_389.jpg,happy
dataset\happy\happy_390.jpg,happy
dataset\happy\happy_391.jpg,happy
dataset\happy\happy_392.jpg,happy
dataset\happy\happy_393.jpg,happy
dataset\happy\happy_394.jpg,happy
dataset\happy\happy_395.jpg,happy
dataset\happy\happy_396.jpg,happy
dataset\happy\happy_397.jpg,happy
dataset\happy\happy_398.jpg,happy
dataset\happy\happy_399.jpg,happy
dataset\happy\happy_400.jpg,happy
dataset\happy\happy_401.jpg,happy
dataset\happy\happy_402.jpg,happy
dataset\happy\happy_403.jpg,happy
dataset\happy\happy_404.jpg,happy
dataset\happy\happy_405.jpg,happy
dataset\happy\happy_406.jpg,happy
dataset\happy\happy_407.jpg,happy
dataset\happy\happy_408.jpg,happy
dataset\fear\fear_65.jpg,fear
dataset\happy\happy_409.jpg,happy
dataset\happy\happy_410.jpg,happy
dataset\happy\happy_411.jpg,happy
dataset\happy\happy_412.jpg,happy
dataset\happy\happy_413.jpg,happy
dataset\happy\happy_414.jpg,happy
dataset\fear\fear_66.jpg,fear
dataset\happy\happy_415.jpg,happy
dataset\happy\happy_416.jpg,happy
dataset\happy\happy_417.jpg,happy
dataset\happy\happy_418.jpg,happy
dataset\happy\happy_419.jpg,happy
dataset\happy\happy_420.jpg,happy
dataset\happy\happy_421.jpg,happy
dataset\happy\happy_422.jpg,happy
dataset\happy\happy_423.jpg,happy
dataset\happy\happy_424.jpg,happy
dataset\happy\happy_425.jpg,happy
dataset\happy\happy_426.jpg,happy
dataset\happy\happy_427.jpg,happy
dataset\happy\happy_428.jpg,happy
dataset\happy\happy_429.jpg,happy
dataset\happy\happy_430.jpg,happy
dataset\happy\happy_431.jpg,happy
dataset\angry\angry_15.jpg,angry
dataset\happy\happy_432.jpg,happy
dataset\happy\happy_433.jpg,happy
dataset\sad\sad_35.jpg,sad
dataset\fear\fear_67.jpg,fear
dataset\happy\happy_434.jpg,happy
dataset\happy\happy_435.jpg,happy
dataset\sad\sad_36.jpg,sad
dataset\surprise\surprise_6.jpg,surprise
dataset\happy\happy_436.jpg,happy
dataset\sad\sad_37.jpg,sad
dataset\happy\happy_437.jpg,happy
dataset\happy\happy_438.jpg,happy
dataset\happy\happy_439.jpg,happy
dataset\happy\happy_440.jpg,happy
dataset\happy\happy_441.jpg,happy
dataset\happy\happy_442.jpg,happy
dataset\happy\happy_443.jpg,happy
dataset\happy\happy_444.jpg,happy
dataset\happy\happy_445.jpg,happy
dataset\surprise\surprise_7.jpg,surprise
dataset\happy\happy_446.jpg,happy
dataset\fear\fear_68.jpg,fear
dataset\fear\fear_69.jpg,fear
dataset\angry\angry_16.jpg,angry
dataset\angry\angry_17.jpg,angry
dataset\happy\happy_447.jpg,happy
dataset\happy\happy_448.jpg,happy
dataset\happy\happy_449.jpg,happy
dataset\happy\happy_450.jpg,happy
dataset\happy\happy_451.jpg,happy
dataset\happy\happy_452.jpg,happy
dataset\happy\happy_453.jpg,happy
dataset\happy\happy_454.jpg,happy
dataset\happy\happy_455.jpg,happy
dataset\happy\happy_456.jpg,happy
dataset\happy\happy_457.jpg,happy
dataset\happy\happy_458.jpg,happy
dataset\happy\happy_459.jpg,happy
dataset\happy\happy_460.jpg,happy
dataset\happy\happy_461.jpg,happy
dataset\happy\happy_462.jpg,happy
dataset\happy\happy_463.jpg,happy
dataset\happy\happy_464.jpg,happy
dataset\happy\happy_465.jpg,happy
dataset\happy\happy_466.jpg,happy
dataset\happy\happy_467.jpg,happy
dataset\happy\happy_468.jpg,happy
dataset\happy\happy_469.jpg,happy
dataset\happy\happy_470.jpg,happy
dataset\happy\happy_471.jpg,happy
dataset\happy\happy_472.jpg,happy
dataset\happy\happy_473.jpg,happy
dataset\happy\happy_474.jpg,happy
dataset\fear\fear_70.jpg,fear
dataset\happy\happy_475.jpg,happy
dataset\happy\happy_476.jpg,happy
dataset\happy\happy_477.jpg,happy
dataset\happy\happy_478.jpg,happy
dataset\happy\happy_479.jpg,happy
dataset\angry\angry_18.jpg,angry
dataset\happy\happy_480.jpg,happy
dataset\happy\happy_481.jpg,happy
dataset\happy\happy_482.jpg,happy
dataset\happy\happy_483.jpg,happy
dataset\happy\happy_484.jpg,happy
dataset\happy\happy_485.jpg,happy
dataset\happy\happy_486.jpg,happy
dataset\happy\happy_487.jpg,happy
dataset\happy\happy_488.jpg,happy
dataset\happy\happy_489.jpg,happy
dataset\happy\happy_490.jpg,happy
dataset\happy\happy_491.jpg,happy
dataset\happy\happy_492.jpg,happy
dataset\happy\happy_493.jpg,happy
dataset\happy\happy_494.jpg,happy
dataset\happy\happy_495.jpg,happy
dataset\surprise\surprise_8.jpg,surprise
dataset\happy\happy_496.jpg,happy
dataset\surprise\surprise_9.jpg,surprise
dataset\surprise\surprise_10.jpg,surprise
dataset\surprise\surprise_11.jpg,surprise
dataset\happy\happy_497.jpg,happy
dataset\surprise\surprise_12.jpg,surprise
dataset\surprise\surprise_13.jpg,surprise
dataset\surprise\surprise_14.jpg,surprise
dataset\surprise\surprise_15.jpg,surprise
dataset\happy\happy_498.jpg,happy
dataset\happy\happy_499.jpg,happy
dataset\angry\angry_19.jpg,angry
dataset\fear\fear_71.jpg,fear
dataset\angry\angry_20.jpg,angry
dataset\surprise\surprise_16.jpg,surprise
dataset\sad\sad_38.jpg,sad
dataset\fear\fear_72.jpg,fear
dataset\fear\fear_73.jpg,fear
dataset\fear\fear_74.jpg,fear
dataset\fear\fear_75.jpg,fear
dataset\sad\sad_39.jpg,sad
dataset\sad\sad_40.jpg,sad
dataset\fear\fear_76.jpg,fear
dataset\sad\sad_41.jpg,sad
dataset\fear\fear_77.jpg,fear
dataset\fear\fear_78.jpg,fear
dataset\fear\fear_79.jpg,fear
dataset\fear\fear_80.jpg,fear
dataset\surprise\surprise_17.jpg,surprise
dataset\angry\angry_21.jpg,angry
dataset\angry\angry_22.jpg,angry
dataset\angry\angry_23.jpg,angry
dataset\surprise\surprise_18.jpg,surprise
dataset\surprise\surprise_19.jpg,surprise
dataset\fear\fear_81.jpg,fear
dataset\fear\fear_82.jpg,fear
dataset\fear\fear_83.jpg,fear
dataset\fear\fear_84.jpg,fear
dataset\surprise\surprise_20.jpg,surprise
dataset\fear\fear_85.jpg,fear
dataset\angry\angry_24.jpg,angry
dataset\angry\angry_25.jpg,angry
dataset\sad\sad_42.jpg,sad
dataset\angry\angry_26.jpg,angry
dataset\angry\angry_27.jpg,angry
dataset\angry\angry_28.jpg,angry
dataset\sad\sad_43.jpg,sad
dataset\sad\sad_44.jpg,sad
dataset\sad\sad_45.jpg,sad
dataset\angry\angry_29.jpg,angry
dataset\angry\angry_30.jpg,angry
dataset\surprise\surprise_21.jpg,surprise
dataset\fear\fear_86.jpg,fear
dataset\angry\angry_31.jpg,angry
dataset\sad\sad_46.jpg,sad
dataset\angry\angry_32.jpg,angry
dataset\angry\angry_33.jpg,angry
dataset\fear\fear_87.jpg,fear
dataset\fear\fear_88.jpg,fear
dataset\angry\angry_34.jpg,angry
dataset\sad\sad_47.jpg,sad
dataset\surprise\surprise_22.jpg,surprise
dataset\angry\angry_35.jpg,angry
dataset\sad\sad_48.jpg,sad
dataset\sad\sad_49.jpg,sad
dataset\sad\sad_50.jpg,sad
dataset\fear\fear_89.jpg,fear
dataset\fear\fear_90.jpg,fear
dataset\fear\fear_91.jpg,fear
dataset\surprise\surprise_23.jpg,surprise
dataset\surprise\surprise_24.jpg,surprise
dataset\surprise\surprise_25.jpg,surprise
dataset\sad\sad_51.jpg,sad
dataset\sad\sad_52.jpg,sad
dataset\fear\fear_92.jpg,fear
dataset\fear\fear_93.jpg,fear
dataset\fear\fear_94.jpg,fear
dataset\fear\fear_95.jpg,fear
dataset\sad\sad_53.jpg,sad
dataset\sad\sad_54.jpg,sad
dataset\angry\angry_36.jpg,angry
dataset\angry\angry_37.jpg,angry
dataset\surprise\surprise_26.jpg,surprise
dataset\sad\sad_55.jpg,sad
dataset\fear\fear_96.jpg,fear
dataset\sad\sad_56.jpg,sad
dataset\sad\sad_57.jpg,sad
dataset\fear\fear_97.jpg,fear
dataset\sad\sad_58.jpg,sad
dataset\fear\fear_98.jpg,fear
dataset\fear\fear_99.jpg,fear
dataset\fear\fear_100.jpg,fear
dataset\fear\fear_101.jpg,fear
dataset\fear\fear_102.jpg,fear
dataset\fear\fear_103.jpg,fear
dataset\fear\fear_104.jpg,fear
dataset\fear\fear_105.jpg,fear
dataset\surprise\surprise_27.jpg,surprise
dataset\fear\fear_106.jpg,fear
dataset\fear\fear_107.jpg,fear
dataset\fear\fear_108.jpg,fear
dataset\fear\fear_109.jpg,fear
dataset\sad\sad_59.jpg,sad
dataset\sad\sad_60.jpg,sad
dataset\sad\sad_61.jpg,sad
dataset\fear\fear_110.jpg,fear
dataset\sad\sad_62.jpg,sad
dataset\angry\angry_38.jpg,angry
dataset\fear\fear_111.jpg,fear
dataset\fear\fear_112.jpg,fear
dataset\angry\angry_39.jpg,angry
dataset\fear\fear_113.jpg,fear
dataset\fear\fear_114.jpg,fear
dataset\fear\fear_115.jpg,fear
dataset\angry\angry_40.jpg,angry
dataset\angry\angry_41.jpg,angry
dataset\angry\angry_42.jpg,angry
dataset\angry\angry_43.jpg,angry
dataset\surprise\surprise_28.jpg,surprise
dataset\fear\fear_116.jpg,fear
dataset\fear\fear_117.jpg,fear
dataset\fear\fear_118.jpg,fear
dataset\fear\fear_119.jpg,fear
dataset\fear\fear_120.jpg,fear
dataset\fear\fear_121.jpg,fear
dataset\surprise\surprise_29.jpg,surprise
dataset\surprise\surprise_30.jpg,surprise
dataset\surprise\surprise_31.jpg,surprise
dataset\fear\fear_122.jpg,fear
dataset\sad\sad_63.jpg,sad
dataset\fear\fear_123.jpg,fear
dataset\surprise\surprise_32.jpg,surprise
dataset\sad\sad_64.jpg,sad
dataset\fear\fear_124.jpg,fear
dataset\sad\sad_65.jpg,sad
dataset\sad\sad_66.jpg,sad
dataset\fear\fear_125.jpg,fear
dataset\sad\sad_67.jpg,sad
dataset\sad\sad_68.jpg,sad
dataset\sad\sad_69.jpg,sad
dataset\sad\sad_70.jpg,sad
dataset\sad\sad_71.jpg,sad
dataset\sad\sad_72.jpg,sad
dataset\sad\sad_73.jpg,sad
dataset\fear\fear_126.jpg,fear
dataset\sad\sad_74.jpg,sad
dataset\sad\sad_75.jpg,sad
dataset\sad\sad_76.jpg,sad
dataset\angry\angry_44.jpg,angry
dataset\fear\fear_127.jpg,fear
dataset\angry\angry_45.jpg,angry
dataset\angry\angry_46.jpg,angry
dataset\angry\angry_47.jpg,angry
dataset\angry\angry_48.jpg,angry
dataset\angry\angry_49.jpg,angry
dataset\angry\angry_50.jpg,angry
dataset\angry\angry_51.jpg,angry
dataset\angry\angry_52.jpg,angry
dataset\angry\angry_53.jpg,angry
dataset\angry\angry_54.jpg,angry
dataset\angry\angry_55.jpg,angry
dataset\angry\angry_56.jpg,angry
dataset\angry\angry_57.jpg,angry
dataset\angry\angry_58.jpg,angry
dataset\angry\angry_59.jpg,angry
dataset\angry\angry_60.jpg,angry
dataset\angry\angry_61.jpg,angry
dataset\angry\angry_62.jpg,angry
dataset\angry\angry_63.jpg,angry
dataset\fear\fear_128.jpg,fear
dataset\sad\sad_77.jpg,sad
dataset\fear\fear_129.jpg,fear
dataset\fear\fear_130.jpg,fear
dataset\fear\fear_131.jpg,fear
dataset\fear\fear_132.jpg,fear
dataset\fear\fear_133.jpg,fear
dataset\fear\fear_134.jpg,fear
dataset\fear\fear_135.jpg,fear
dataset\fear\fear_136.jpg,fear
dataset\surprise\surprise_33.jpg,surprise
dataset\fear\fear_137.jpg,fear
dataset\fear\fear_138.jpg,fear
dataset\fear\fear_139.jpg,fear
dataset\fear\fear_140.jpg,fear
dataset\surprise\surprise_34.jpg,surprise
dataset\fear\fear_141.jpg,fear
dataset\fear\fear_142.jpg,fear
dataset\fear\fear_143.jpg,fear
dataset\fear\fear_144.jpg,fear
dataset\fear\fear_145.jpg,fear
dataset\fear\fear_146.jpg,fear
dataset\fear\fear_147.jpg,fear
dataset\fear\fear_148.jpg,fear
dataset\surprise\surprise_35.jpg,surprise
dataset\angry\angry_64.jpg,angry
dataset\fear\fear_149.jpg,fear
dataset\sad\sad_78.jpg,sad
dataset\sad\sad_79.jpg,sad
dataset\sad\sad_80.jpg,sad
dataset\sad\sad_81.jpg,sad
dataset\sad\sad_82.jpg,sad
dataset\sad\sad_83.jpg,sad
dataset\sad\sad_84.jpg,sad
dataset\sad\sad_85.jpg,sad
dataset\sad\sad_86.jpg,sad
dataset\sad\sad_87.jpg,sad
dataset\sad\sad_88.jpg,sad
dataset\sad\sad_89.jpg,sad
dataset\sad\sad_90.jpg,sad
dataset\sad\sad_91.jpg,sad
dataset\sad\sad_92.jpg,sad
dataset\sad\sad_93.jpg,sad
dataset\sad\sad_94.jpg,sad
dataset\angry\angry_65.jpg,angry
dataset\angry\angry_66.jpg,angry
dataset\angry\angry_67.jpg,angry
dataset\angry\angry_68.jpg,angry
dataset\angry\angry_69.jpg,angry
dataset\angry\angry_70.jpg,angry
dataset\angry\angry_71.jpg,angry
dataset\sad\sad_95.jpg,sad
dataset\angry\angry_72.jpg,angry
dataset\sad\sad_96.jpg,sad
dataset\angry\angry_73.jpg,angry
dataset\angry\angry_74.jpg,angry
dataset\sad\sad_97.jpg,sad
dataset\angry\angry_75.jpg,angry
dataset\sad\sad_98.jpg,sad
dataset\angry\angry_76.jpg,angry
dataset\angry\angry_77.jpg,angry
dataset\sad\sad_99.jpg,sad
dataset\sad\sad_100.jpg,sad
dataset\sad\sad_101.jpg,sad
dataset\sad\sad_102.jpg,sad
dataset\angry\angry_78.jpg,angry
dataset\angry\angry_79.jpg,angry
dataset\angry\angry_80.jpg,angry
dataset\angry\angry_81.jpg,angry
dataset\sad\sad_103.jpg,sad
dataset\sad\sad_104.jpg,sad
dataset\angry\angry_82.jpg,angry
dataset\sad\sad_105.jpg,sad
dataset\sad\sad_106.jpg,sad
dataset\sad\sad_107.jpg,sad
dataset\sad\sad_108.jpg,sad
dataset\sad\sad_109.jpg,sad
dataset\sad\sad_110.jpg,sad
dataset\sad\sad_111.jpg,sad
dataset\fear\fear_150.jpg,fear
dataset\fear\fear_151.jpg,fear
dataset\fear\fear_152.jpg,fear
dataset\fear\fear_153.jpg,fear
dataset\fear\fear_154.jpg,fear
dataset\fear\fear_155.jpg,fear
dataset\fear\fear_156.jpg,fear
dataset\fear\fear_157.jpg,fear
dataset\fear\fear_158.jpg,fear
dataset\fear\fear_159.jpg,fear
dataset\fear\fear_160.jpg,fear
dataset\sad\sad_112.jpg,sad
dataset\sad\sad_113.jpg,sad
dataset\sad\sad_114.jpg,sad
dataset\fear\fear_161.jpg,fear
dataset\sad\sad_115.jpg,sad
dataset\sad\sad_116.jpg,sad
dataset\sad\sad_117.jpg,sad
dataset\sad\sad_118.jpg,sad
dataset\fear\fear_162.jpg,fear
dataset\fear\fear_163.jpg,fear
dataset\angry\angry_83.jpg,angry
dataset\fear\fear_164.jpg,fear
dataset\sad\sad_119.jpg,sad
dataset\sad\sad_120.jpg,sad
dataset\sad\sad_121.jpg,sad
dataset\sad\sad_122.jpg,sad
dataset\sad\sad_123.jpg,sad
dataset\sad\sad_124.jpg,sad
dataset\sad\sad_125.jpg,sad
dataset\fear\fear_165.jpg,fear
dataset\sad\sad_126.jpg,sad
dataset\sad\sad_127.jpg,sad
dataset\sad\sad_128.jpg,sad
dataset\sad\sad_129.jpg,sad
dataset\sad\sad_130.jpg,sad
dataset\sad\sad_131.jpg,sad
dataset\sad\sad_132.jpg,sad
dataset\fear\fear_166.jpg,fear
dataset\sad\sad_133.jpg,sad
dataset\sad\sad_134.jpg,sad
dataset\sad\sad_135.jpg,sad
dataset\sad\sad_136.jpg,sad
dataset\sad\sad_137.jpg,sad
dataset\fear\fear_167.jpg,fear
dataset\sad\sad_138.jpg,sad
dataset\fear\fear_168.jpg,fear
dataset\fear\fear_169.jpg,fear
dataset\fear\fear_170.jpg,fear
dataset\fear\fear_171.jpg,fear
dataset\fear\fear_172.jpg,fear
dataset\fear\fear_173.jpg,fear
dataset\fear\fear_174.jpg,fear
dataset\fear\fear_175.jpg,fear
dataset\fear\fear_176.jpg,fear
dataset\sad\sad_139.jpg,sad
dataset\fear\fear_177.jpg,fear
dataset\fear\fear_178.jpg,fear
dataset\fear\fear_179.jpg,fear
dataset\fear\fear_180.jpg,fear
dataset\surprise\surprise_36.jpg,surprise
dataset\fear\fear_181.jpg,fear
dataset\fear\fear_182.jpg,fear
dataset\fear\fear_183.jpg,fear
dataset\fear\fear_184.jpg,fear
dataset\angry\angry_84.jpg,angry
dataset\sad\sad_140.jpg,sad
dataset\sad\sad_141.jpg,sad
dataset\angry\angry_85.jpg,angry
dataset\sad\sad_142.jpg,sad
dataset\fear\fear_185.jpg,fear
dataset\fear\fear_186.jpg,fear
dataset\fear\fear_187.jpg,fear
dataset\sad\sad_143.jpg,sad
dataset\sad\sad_144.jpg,sad
dataset\sad\sad_145.jpg,sad
dataset\sad\sad_146.jpg,sad
dataset\sad\sad_147.jpg,sad
dataset\sad\sad_148.jpg,sad
dataset\sad\sad_149.jpg,sad
dataset\sad\sad_150.jpg,sad
dataset\sad\sad_151.jpg,sad
dataset\sad\sad_152.jpg,sad
dataset\sad\sad_153.jpg,sad
dataset\sad\sad_154.jpg,sad
dataset\sad\sad_155.jpg,sad
dataset\fear\fear_188.jpg,fear
dataset\fear\fear_189.jpg,fear
dataset\sad\sad_156.jpg,sad
dataset\sad\sad_157.jpg,sad
dataset\fear\fear_190.jpg,fear
dataset\sad\sad_158.jpg,sad
dataset\sad\sad_159.jpg,sad
dataset\sad\sad_160.jpg,sad
dataset\sad\sad_161.jpg,sad
dataset\sad\sad_162.jpg,sad
dataset\fear\fear_191.jpg,fear
dataset\sad\sad_163.jpg,sad
dataset\sad\sad_164.jpg,sad
dataset\sad\sad_165.jpg,sad
dataset\sad\sad_166.jpg,sad
dataset\sad\sad_167.jpg,sad
dataset\sad\sad_168.jpg,sad
dataset\sad\sad_169.jpg,sad
dataset\sad\sad_170.jpg,sad
dataset\sad\sad_171.jpg,sad
dataset\sad\sad_172.jpg,sad
dataset\sad\sad_173.jpg,sad
dataset\sad\sad_174.jpg,sad
dataset\sad\sad_175.jpg,sad
dataset\sad\sad_176.jpg,sad
dataset\sad\sad_177.jpg,sad
dataset\sad\sad_178.jpg,sad
dataset\sad\sad_179.jpg,sad
dataset\sad\sad_180.jpg,sad
dataset\sad\sad_181.jpg,sad
dataset\sad\sad_182.jpg,sad
dataset\sad\sad_183.jpg,sad
dataset\sad\sad_184.jpg,sad
dataset\sad\sad_185.jpg,sad
dataset\sad\sad_186.jpg,sad
dataset\sad\sad_187.jpg,sad
dataset\sad\sad_188.jpg,sad
dataset\sad\sad_189.jpg,sad
dataset\sad\sad_190.jpg,sad
dataset\sad\sad_191.jpg,sad
dataset\sad\sad_192.jpg,sad
dataset\sad\sad_193.jpg,sad
dataset\sad\sad_194.jpg,sad
dataset\sad\sad_195.jpg,sad
dataset\sad\sad_196.jpg,sad
dataset\sad\sad_197.jpg,sad
dataset\sad\sad_198.jpg,sad
dataset\sad\sad_199.jpg,sad
dataset\sad\sad_200.jpg,sad
dataset\sad\sad_201.jpg,sad
dataset\sad\sad_202.jpg,sad
dataset\sad\sad_203.jpg,sad
dataset\sad\sad_204.jpg,sad
dataset\sad\sad_205.jpg,sad
dataset\sad\sad_206.jpg,sad
dataset\sad\sad_207.jpg,sad
dataset\sad\sad_208.jpg,sad
dataset\sad\sad_209.jpg,sad
dataset\sad\sad_210.jpg,sad
dataset\sad\sad_211.jpg,sad
dataset\sad\sad_212.jpg,sad
dataset\sad\sad_213.jpg,sad
dataset\sad\sad_214.jpg,sad
dataset\sad\sad_215.jpg,sad
dataset\sad\sad_216.jpg,sad
dataset\sad\sad_217.jpg,sad
dataset\sad\sad_218.jpg,sad
dataset\sad\sad_219.jpg,sad
dataset\sad\sad_220.jpg,sad
dataset\sad\sad_221.jpg,sad
dataset\sad\sad_222.jpg,sad
dataset\sad\sad_223.jpg,sad
dataset\sad\sad_224.jpg,sad
dataset\sad\sad_225.jpg,sad
dataset\sad\sad_226.jpg,sad
dataset\sad\sad_227.jpg,sad
dataset\sad\sad_228.jpg,sad
dataset\sad\sad_229.jpg,sad
dataset\sad\sad_230.jpg,sad
dataset\angry\angry_86.jpg,angry
dataset\sad\sad_231.jpg,sad
dataset\sad\sad_232.jpg,sad
dataset\sad\sad_233.jpg,sad
dataset\sad\sad_234.jpg,sad
dataset\sad\sad_235.jpg,sad
dataset\sad\sad_236.jpg,sad
dataset\sad\sad_237.jpg,sad
dataset\sad\sad_238.jpg,sad
dataset\sad\sad_239.jpg,sad
dataset\sad\sad_240.jpg,sad
dataset\sad\sad_241.jpg,sad
dataset\sad\sad_242.jpg,sad
dataset\sad\sad_243.jpg,sad
dataset\sad\sad_244.jpg,sad
dataset\angry\angry_87.jpg,angry
dataset\angry\angry_88.jpg,angry
dataset\angry\angry_89.jpg,angry
dataset\angry\angry_90.jpg,angry
dataset\angry\angry_91.jpg,angry
dataset\sad\sad_245.jpg,sad
dataset\sad\sad_246.jpg,sad
dataset\sad\sad_247.jpg,sad
dataset\angry\angry_92.jpg,angry
dataset\sad\sad_248.jpg,sad
dataset\sad\sad_249.jpg,sad
dataset\sad\sad_250.jpg,sad
dataset\angry\angry_93.jpg,angry
dataset\sad\sad_251.jpg,sad
dataset\fear\fear_192.jpg,fear
dataset\fear\fear_193.jpg,fear
dataset\sad\sad_252.jpg,sad
dataset\fear\fear_194.jpg,fear
dataset\sad\sad_253.jpg,sad
dataset\fear\fear_195.jpg,fear
dataset\sad\sad_254.jpg,sad
dataset\sad\sad_255.jpg,sad
dataset\sad\sad_256.jpg,sad
dataset\sad\sad_257.jpg,sad
dataset\sad\sad_258.jpg,sad
dataset\sad\sad_259.jpg,sad
dataset\sad\sad_260.jpg,sad
dataset\fear\fear_196.jpg,fear
dataset\fear\fear_197.jpg,fear
dataset\sad\sad_261.jpg,sad
dataset\sad\sad_262.jpg,sad
dataset\sad\sad_263.jpg,sad
dataset\fear\fear_198.jpg,fear
dataset\fear\fear_199.jpg,fear
dataset\fear\fear_200.jpg,fear
dataset\fear\fear_201.jpg,fear
dataset\fear\fear_202.jpg,fear
dataset\fear\fear_203.jpg,fear
dataset\fear\fear_204.jpg,fear
dataset\fear\fear_205.jpg,fear
dataset\fear\fear_206.jpg,fear
dataset\fear\fear_207.jpg,fear
dataset\fear\fear_208.jpg,fear
dataset\fear\fear_209.jpg,fear
dataset\fear\fear_210.jpg,fear
dataset\fear\fear_211.jpg,fear
dataset\fear\fear_212.jpg,fear
dataset\fear\fear_213.jpg,fear
dataset\fear\fear_214.jpg,fear
dataset\fear\fear_215.jpg,fear
dataset\fear\fear_216.jpg,fear
dataset\fear\fear_217.jpg,fear
dataset\fear\fear_218.jpg,fear
dataset\fear\fear_219.jpg,fear
dataset\fear\fear_220.jpg,fear
dataset\fear\fear_221.jpg,fear
dataset\fear\fear_222.jpg,fear
dataset\fear\fear_223.jpg,fear
dataset\fear\fear_224.jpg,fear
dataset\fear\fear_225.jpg,fear
dataset\fear\fear_226.jpg,fear
dataset\fear\fear_227.jpg,fear
dataset\fear\fear_228.jpg,fear
dataset\fear\fear_229.jpg,fear
dataset\fear\fear_230.jpg,fear
dataset\fear\fear_231.jpg,fear
dataset\fear\fear_232.jpg,fear
dataset\fear\fear_233.jpg,fear
dataset\fear\fear_234.jpg,fear
dataset\fear\fear_235.jpg,fear
dataset\fear\fear_236.jpg,fear
dataset\fear\fear_237.jpg,fear
dataset\fear\fear_238.jpg,fear
dataset\fear\fear_239.jpg,fear
dataset\fear\fear_240.jpg,fear
dataset\fear\fear_241.jpg,fear
dataset\fear\fear_242.jpg,fear
dataset\fear\fear_243.jpg,fear
dataset\fear\fear_244.jpg,fear
dataset\sad\sad_264.jpg,sad
dataset\sad\sad_265.jpg,sad
dataset\fear\fear_245.jpg,fear
dataset\fear\fear_246.jpg,fear
dataset\sad\sad_266.jpg,sad
dataset\sad\sad_267.jpg,sad
dataset\sad\sad_268.jpg,sad
dataset\sad\sad_269.jpg,sad
dataset\sad\sad_270.jpg,sad
dataset\fear\fear_247.jpg,fear
dataset\sad\sad_271.jpg,sad
dataset\sad\sad_272.jpg,sad
dataset\sad\sad_273.jpg,sad
dataset\sad\sad_274.jpg,sad
dataset\sad\sad_275.jpg,sad
dataset\fear\fear_248.jpg,fear
dataset\fear\fear_249.jpg,fear
dataset\sad\sad_276.jpg,sad
dataset\sad\sad_277.jpg,sad
dataset\sad\sad_278.jpg,sad
dataset\fear\fear_250.jpg,fear
dataset\angry\angry_94.jpg,angry
dataset\sad\sad_279.jpg,sad
dataset\sad\sad_280.jpg,sad
dataset\fear\fear_251.jpg,fear
dataset\fear\fear_252.jpg,fear
dataset\fear\fear_253.jpg,fear
dataset\sad\sad_281.jpg,sad
dataset\sad\sad_282.jpg,sad
dataset\fear\fear_254.jpg,fear
dataset\sad\sad_283.jpg,sad
dataset\sad\sad_284.jpg,sad
dataset\sad\sad_285.jpg,sad
dataset\sad\sad_286.jpg,sad
dataset\sad\sad_287.jpg,sad
dataset\sad\sad_288.jpg,sad
dataset\sad\sad_289.jpg,sad
dataset\sad\sad_290.jpg,sad
dataset\fear\fear_255.jpg,fear
dataset\sad\sad_291.jpg,sad
dataset\sad\sad_292.jpg,sad
dataset\sad\sad_293.jpg,sad
dataset\sad\sad_294.jpg,sad
dataset\sad\sad_295.jpg,sad
dataset\sad\sad_296.jpg,sad
dataset\sad\sad_297.jpg,sad
dataset\sad\sad_298.jpg,sad
dataset\sad\sad_299.jpg,sad
dataset\sad\sad_300.jpg,sad
dataset\fear\fear_256.jpg,fear
dataset\sad\sad_301.jpg,sad
dataset\sad\sad_302.jpg,sad
dataset\fear\fear_257.jpg,fear
dataset\sad\sad_303.jpg,sad
dataset\fear\fear_258.jpg,fear
dataset\sad\sad_304.jpg,sad
dataset\sad\sad_305.jpg,sad
dataset\sad\sad_306.jpg,sad
dataset\sad\sad_307.jpg,sad
dataset\sad\sad_308.jpg,sad
dataset\sad\sad_309.jpg,sad
dataset\fear\fear_259.jpg,fear
dataset\angry\angry_95.jpg,angry
dataset\sad\sad_310.jpg,sad
dataset\sad\sad_311.jpg,sad
dataset\angry\angry_96.jpg,angry
dataset\fear\fear_260.jpg,fear
dataset\sad\sad_312.jpg,sad
dataset\fear\fear_261.jpg,fear
dataset\sad\sad_313.jpg,sad
dataset\fear\fear_262.jpg,fear
dataset\fear\fear_263.jpg,fear
dataset\fear\fear_264.jpg,fear
dataset\sad\sad_314.jpg,sad
dataset\fear\fear_265.jpg,fear
dataset\fear\fear_266.jpg,fear
dataset\fear\fear_267.jpg,fear
dataset\fear\fear_268.jpg,fear
dataset\sad\sad_315.jpg,sad
dataset\fear\fear_269.jpg,fear
dataset\fear\fear_270.jpg,fear
dataset\fear\fear_271.jpg,fear
dataset\fear\fear_272.jpg,fear
dataset\sad\sad_316.jpg,sad
dataset\fear\fear_273.jpg,fear
dataset\fear\fear_274.jpg,fear
dataset\sad\sad_317.jpg,sad
dataset\fear\fear_275.jpg,fear
dataset\fear\fear_276.jpg,fear
dataset\fear\fear_277.jpg,fear
dataset\fear\fear_278.jpg,fear
dataset\fear\fear_279.jpg,fear
dataset\fear\fear_280.jpg,fear
dataset\fear\fear_281.jpg,fear
dataset\fear\fear_282.jpg,fear
dataset\sad\sad_318.jpg,sad
dataset\sad\sad_319.jpg,sad
dataset\fear\fear_283.jpg,fear
dataset\sad\sad_320.jpg,sad
dataset\sad\sad_321.jpg,sad
dataset\sad\sad_322.jpg,sad
dataset\fear\fear_284.jpg,fear
dataset\fear\fear_285.jpg,fear
dataset\fear\fear_286.jpg,fear
dataset\sad\sad_323.jpg,sad
dataset\sad\sad_324.jpg,sad
dataset\fear\fear_287.jpg,fear
dataset\sad\sad_325.jpg,sad
dataset\sad\sad_326.jpg,sad
dataset\sad\sad_327.jpg,sad
dataset\fear\fear_288.jpg,fear
dataset\fear\fear_289.jpg,fear
dataset\fear\fear_290.jpg,fear
dataset\sad\sad_328.jpg,sad
dataset\fear\fear_291.jpg,fear
dataset\fear\fear_292.jpg,fear
dataset\fear\fear_293.jpg,fear
dataset\fear\fear_294.jpg,fear
dataset\fear\fear_295.jpg,fear
dataset\sad\sad_329.jpg,sad
dataset\sad\sad_330.jpg,sad
dataset\angry\angry_97.jpg,angry
dataset\disgust\disgust_0.jpg,disgust
dataset\angry\angry_98.jpg,angry
dataset\angry\angry_99.jpg,angry
dataset\angry\angry_100.jpg,angry
dataset\disgust\disgust_1.jpg,disgust
dataset\angry\angry_101.jpg,angry
dataset\angry\angry_102.jpg,angry
dataset\angry\angry_103.jpg,angry
dataset\angry\angry_104.jpg,angry
dataset\disgust\disgust_2.jpg,disgust
dataset\fear\fear_296.jpg,fear
dataset\angry\angry_105.jpg,angry
dataset\angry\angry_106.jpg,angry
dataset\disgust\disgust_3.jpg,disgust
dataset\angry\angry_107.jpg,angry
dataset\angry\angry_108.jpg,angry
dataset\angry\angry_109.jpg,angry
dataset\angry\angry_110.jpg,angry
dataset\fear\fear_297.jpg,fear
dataset\angry\angry_111.jpg,angry
dataset\angry\angry_112.jpg,angry
dataset\angry\angry_113.jpg,angry
dataset\angry\angry_114.jpg,angry
dataset\disgust\disgust_4.jpg,disgust
dataset\angry\angry_115.jpg,angry
dataset\fear\fear_298.jpg,fear
dataset\angry\angry_116.jpg,angry
dataset\angry\angry_117.jpg,angry
dataset\angry\angry_118.jpg,angry
dataset\angry\angry_119.jpg,angry
dataset\angry\angry_120.jpg,angry
dataset\fear\fear_299.jpg,fear
dataset\disgust\disgust_5.jpg,disgust
dataset\disgust\disgust_6.jpg,disgust
dataset\angry\angry_121.jpg,angry
dataset\angry\angry_122.jpg,angry
dataset\disgust\disgust_7.jpg,disgust
dataset\angry\angry_123.jpg,angry
dataset\angry\angry_124.jpg,angry
dataset\angry\angry_125.jpg,angry
dataset\angry\angry_126.jpg,angry
dataset\angry\angry_127.jpg,angry
dataset\angry\angry_128.jpg,angry
dataset\sad\sad_331.jpg,sad
dataset\disgust\disgust_8.jpg,disgust
dataset\angry\angry_129.jpg,angry
dataset\angry\angry_130.jpg,angry
dataset\angry\angry_131.jpg,angry
dataset\angry\angry_132.jpg,angry
dataset\fear\fear_300.jpg,fear
dataset\fear\fear_301.jpg,fear
dataset\angry\angry_133.jpg,angry
dataset\angry\angry_134.jpg,angry
dataset\disgust\disgust_9.jpg,disgust
dataset\angry\angry_135.jpg,angry
dataset\angry\angry_136.jpg,angry
dataset\angry\angry_137.jpg,angry
dataset\disgust\disgust_10.jpg,disgust
dataset\angry\angry_138.jpg,angry
dataset\disgust\disgust_11.jpg,disgust
dataset\disgust\disgust_12.jpg,disgust
dataset\disgust\disgust_13.jpg,disgust
dataset\disgust\disgust_14.jpg,disgust
dataset\angry\angry_139.jpg,angry
dataset\angry\angry_140.jpg,angry
dataset\angry\angry_141.jpg,angry
dataset\angry\angry_142.jpg,angry
dataset\disgust\disgust_15.jpg,disgust
dataset\disgust\disgust_16.jpg,disgust
dataset\disgust\disgust_17.jpg,disgust
dataset\disgust\disgust_18.jpg,disgust
dataset\angry\angry_143.jpg,angry
dataset\angry\angry_144.jpg,angry
dataset\angry\angry_145.jpg,angry
dataset\disgust\disgust_19.jpg,disgust
dataset\angry\angry_146.jpg,angry
dataset\angry\angry_147.jpg,angry
dataset\angry\angry_148.jpg,angry
dataset\angry\angry_149.jpg,angry
dataset\angry\angry_150.jpg,angry
dataset\disgust\disgust_20.jpg,disgust
dataset\angry\angry_151.jpg,angry
dataset\angry\angry_152.jpg,angry
dataset\angry\angry_153.jpg,angry
dataset\angry\angry_154.jpg,angry
dataset\angry\angry_155.jpg,angry
dataset\fear\fear_302.jpg,fear
dataset\angry\angry_156.jpg,angry
dataset\angry\angry_157.jpg,angry
dataset\disgust\disgust_21.jpg,disgust
dataset\angry\angry_158.jpg,angry
dataset\disgust\disgust_22.jpg,disgust
dataset\disgust\disgust_23.jpg,disgust
dataset\disgust\disgust_24.jpg,disgust
dataset\disgust\disgust_25.jpg,disgust
dataset\disgust\disgust_26.jpg,disgust
dataset\disgust\disgust_27.jpg,disgust
dataset\sad\sad_332.jpg,sad
dataset\angry\angry_159.jpg,angry
dataset\angry\angry_160.jpg,angry
dataset\angry\angry_161.jpg,angry
dataset\angry\angry_162.jpg,angry
dataset\angry\angry_163.jpg,angry
dataset\angry\angry_164.jpg,angry
dataset\angry\angry_165.jpg,angry
dataset\disgust\disgust_28.jpg,disgust
dataset\disgust\disgust_29.jpg,disgust
dataset\disgust\disgust_30.jpg,disgust
dataset\disgust\disgust_31.jpg,disgust
dataset\disgust\disgust_32.jpg,disgust
dataset\disgust\disgust_33.jpg,disgust
dataset\disgust\disgust_34.jpg,disgust
dataset\disgust\disgust_35.jpg,disgust
dataset\disgust\disgust_36.jpg,disgust
dataset\angry\angry_166.jpg,angry
dataset\angry\angry_167.jpg,angry
dataset\angry\angry_168.jpg,angry
dataset\angry\angry_169.jpg,angry
dataset\disgust\disgust_37.jpg,disgust
dataset\angry\angry_170.jpg,angry
dataset\disgust\disgust_38.jpg,disgust
dataset\angry\angry_171.jpg,angry
dataset\disgust\disgust_39.jpg,disgust
dataset\angry\angry_172.jpg,angry
dataset\angry\angry_173.jpg,angry
dataset\angry\angry_174.jpg,angry
dataset\disgust\disgust_40.jpg,disgust
dataset\angry\angry_175.jpg,angry
dataset\angry\angry_176.jpg,angry
dataset\angry\angry_177.jpg,angry
dataset\angry\angry_178.jpg,angry
dataset\sad\sad_333.jpg,sad
dataset\sad\sad_334.jpg,sad
dataset\sad\sad_335.jpg,sad
dataset\sad\sad_336.jpg,sad
dataset\sad\sad_337.jpg,sad
dataset\sad\sad_338.jpg,sad
dataset\angry\angry_179.jpg,angry
dataset\sad\sad_339.jpg,sad
dataset\sad\sad_340.jpg,sad
dataset\sad\sad_341.jpg,sad
dataset\sad\sad_342.jpg,sad
dataset\sad\sad_343.jpg,sad
dataset\angry\angry_180.jpg,angry
dataset\sad\sad_344.jpg,sad
dataset\angry\angry_181.jpg,angry
dataset\angry\angry_182.jpg,angry
dataset\angry\angry_183.jpg,angry
dataset\sad\sad_345.jpg,sad
dataset\sad\sad_346.jpg,sad
dataset\sad\sad_347.jpg,sad
dataset\sad\sad_348.jpg,sad
dataset\angry\angry_184.jpg,angry
dataset\sad\sad_349.jpg,sad
dataset\sad\sad_350.jpg,sad
dataset\sad\sad_351.jpg,sad
dataset\sad\sad_352.jpg,sad
dataset\sad\sad_353.jpg,sad
dataset\angry\angry_185.jpg,angry
dataset\angry\angry_186.jpg,angry
dataset\sad\sad_354.jpg,sad
dataset\sad\sad_355.jpg,sad
dataset\sad\sad_356.jpg,sad
dataset\angry\angry_187.jpg,angry
dataset\sad\sad_357.jpg,sad
dataset\sad\sad_358.jpg,sad
dataset\angry\angry_188.jpg,angry
dataset\angry\angry_189.jpg,angry
dataset\sad\sad_359.jpg,sad
dataset\angry\angry_190.jpg,angry
dataset\sad\sad_360.jpg,sad
dataset\angry\angry_191.jpg,angry
dataset\angry\angry_192.jpg,angry
dataset\angry\angry_193.jpg,angry
dataset\angry\angry_194.jpg,angry
dataset\sad\sad_361.jpg,sad
dataset\angry\angry_195.jpg,angry
dataset\sad\sad_362.jpg,sad
dataset\sad\sad_363.jpg,sad
dataset\angry\angry_196.jpg,angry
dataset\sad\sad_364.jpg,sad
dataset\sad\sad_365.jpg,sad
dataset\sad\sad_366.jpg,sad
dataset\sad\sad_367.jpg,sad
dataset\angry\angry_197.jpg,angry
dataset\angry\angry_198.jpg,angry
dataset\sad\sad_368.jpg,sad
dataset\angry\angry_199.jpg,angry
dataset\sad\sad_369.jpg,sad
dataset\angry\angry_200.jpg,angry
dataset\angry\angry_201.jpg,angry
dataset\angry\angry_202.jpg,angry
dataset\sad\sad_370.jpg,sad
dataset\sad\sad_371.jpg,sad
dataset\sad\sad_372.jpg,sad
dataset\sad\sad_373.jpg,sad
dataset\sad\sad_374.jpg,sad
dataset\sad\sad_375.jpg,sad
dataset\sad\sad_376.jpg,sad
dataset\sad\sad_377.jpg,sad
dataset\sad\sad_378.jpg,sad
dataset\sad\sad_379.jpg,sad
dataset\sad\sad_380.jpg,sad
dataset\sad\sad_381.jpg,sad
dataset\sad\sad_382.jpg,sad
dataset\sad\sad_383.jpg,sad
dataset\sad\sad_384.jpg,sad
dataset\sad\sad_385.jpg,sad
dataset\sad\sad_386.jpg,sad
dataset\sad\sad_387.jpg,sad
dataset\sad\sad_388.jpg,sad
dataset\sad\sad_389.jpg,sad
dataset\sad\sad_390.jpg,sad
dataset\sad\sad_391.jpg,sad
dataset\sad\sad_392.jpg,sad
dataset\sad\sad_393.jpg,sad
dataset\sad\sad_394.jpg,sad
dataset\sad\sad_395.jpg,sad
dataset\sad\sad_396.jpg,sad
dataset\sad\sad_397.jpg,sad
dataset\sad\sad_398.jpg,sad
dataset\sad\sad_399.jpg,sad
dataset\sad\sad_400.jpg,sad
dataset\sad\sad_401.jpg,sad
dataset\sad\sad_402.jpg,sad
dataset\sad\sad_403.jpg,sad
dataset\angry\angry_203.jpg,angry
dataset\sad\sad_404.jpg,sad
dataset\angry\angry_204.jpg,angry
dataset\sad\sad_405.jpg,sad
dataset\sad\sad_406.jpg,sad
dataset\fear\fear_303.jpg,fear
dataset\sad\sad_407.jpg,sad
dataset\fear\fear_304.jpg,fear
dataset\fear\fear_305.jpg,fear
dataset\disgust\disgust_41.jpg,disgust
dataset\angry\angry_205.jpg,angry
dataset\angry\angry_206.jpg,angry
dataset\disgust\disgust_42.jpg,disgust
dataset\disgust\disgust_43.jpg,disgust
dataset\disgust\disgust_44.jpg,disgust
dataset\disgust\disgust_45.jpg,disgust
dataset\disgust\disgust_46.jpg,disgust
dataset\angry\angry_207.jpg,angry
dataset\disgust\disgust_47.jpg,disgust
dataset\disgust\disgust_48.jpg,disgust
dataset\disgust\disgust_49.jpg,disgust
dataset\disgust\disgust_50.jpg,disgust
dataset\disgust\disgust_51.jpg,disgust
dataset\disgust\disgust_52.jpg,disgust
dataset\disgust\disgust_53.jpg,disgust
dataset\disgust\disgust_54.jpg,disgust
dataset\disgust\disgust_55.jpg,disgust
dataset\disgust\disgust_56.jpg,disgust
dataset\disgust\disgust_57.jpg,disgust
dataset\disgust\disgust_58.jpg,disgust
dataset\disgust\disgust_59.jpg,disgust
dataset\disgust\disgust_60.jpg,disgust
dataset\disgust\disgust_61.jpg,disgust
dataset\disgust\disgust_62.jpg,disgust
dataset\disgust\disgust_63.jpg,disgust
dataset\disgust\disgust_64.jpg,disgust
dataset\disgust\disgust_65.jpg,disgust
dataset\disgust\disgust_66.jpg,disgust
dataset\disgust\disgust_67.jpg,disgust
dataset\disgust\disgust_68.jpg,disgust
dataset\disgust\disgust_69.jpg,disgust
dataset\disgust\disgust_70.jpg,disgust
dataset\disgust\disgust_71.jpg,disgust
dataset\disgust\disgust_72.jpg,disgust
dataset\disgust\disgust_73.jpg,disgust
dataset\disgust\disgust_74.jpg,disgust
dataset\disgust\disgust_75.jpg,disgust
dataset\disgust\disgust_76.jpg,disgust
dataset\disgust\disgust_77.jpg,disgust
dataset\disgust\disgust_78.jpg,disgust
dataset\disgust\disgust_79.jpg,disgust
dataset\disgust\disgust_80.jpg,disgust
dataset\disgust\disgust_81.jpg,disgust
dataset\disgust\disgust_82.jpg,disgust
dataset\disgust\disgust_83.jpg,disgust
dataset\disgust\disgust_84.jpg,disgust
dataset\disgust\disgust_85.jpg,disgust
dataset\fear\fear_306.jpg,fear
dataset\fear\fear_307.jpg,fear
dataset\fear\fear_308.jpg,fear
dataset\fear\fear_309.jpg,fear
dataset\fear\fear_310.jpg,fear
dataset\fear\fear_311.jpg,fear
dataset\fear\fear_312.jpg,fear
dataset\fear\fear_313.jpg,fear
dataset\fear\fear_314.jpg,fear
dataset\fear\fear_315.jpg,fear
dataset\angry\angry_208.jpg,angry
dataset\angry\angry_209.jpg,angry
dataset\disgust\disgust_86.jpg,disgust
dataset\angry\angry_210.jpg,angry
dataset\disgust\disgust_87.jpg,disgust
dataset\disgust\disgust_88.jpg,disgust
dataset\angry\angry_211.jpg,angry
dataset\angry\angry_212.jpg,angry
dataset\disgust\disgust_89.jpg,disgust
dataset\angry\angry_213.jpg,angry
dataset\disgust\disgust_90.jpg,disgust
dataset\disgust\disgust_91.jpg,disgust
dataset\angry\angry_214.jpg,angry
dataset\fear\fear_316.jpg,fear
dataset\angry\angry_215.jpg,angry
dataset\angry\angry_216.jpg,angry
dataset\angry\angry_217.jpg,angry
dataset\angry\angry_218.jpg,angry
dataset\angry\angry_219.jpg,angry
dataset\angry\angry_220.jpg,angry
dataset\fear\fear_317.jpg,fear
dataset\sad\sad_408.jpg,sad
dataset\sad\sad_409.jpg,sad
dataset\sad\sad_410.jpg,sad
dataset\sad\sad_411.jpg,sad
dataset\sad\sad_412.jpg,sad
dataset\sad\sad_413.jpg,sad
dataset\sad\sad_414.jpg,sad
dataset\surprise\surprise_37.jpg,surprise
dataset\sad\sad_415.jpg,sad
dataset\sad\sad_416.jpg,sad
dataset\sad\sad_417.jpg,sad
dataset\sad\sad_418.jpg,sad
dataset\fear\fear_318.jpg,fear
dataset\sad\sad_419.jpg,sad
dataset\sad\sad_420.jpg,sad
dataset\sad\sad_421.jpg,sad
dataset\fear\fear_319.jpg,fear
dataset\sad\sad_422.jpg,sad
dataset\fear\fear_320.jpg,fear
dataset\fear\fear_321.jpg,fear
dataset\sad\sad_423.jpg,sad
dataset\fear\fear_322.jpg,fear
dataset\fear\fear_323.jpg,fear
dataset\sad\sad_424.jpg,sad
dataset\sad\sad_425.jpg,sad
dataset\fear\fear_324.jpg,fear
dataset\sad\sad_426.jpg,sad
dataset\sad\sad_427.jpg,sad
dataset\sad\sad_428.jpg,sad
dataset\sad\sad_429.jpg,sad
dataset\sad\sad_430.jpg,sad
dataset\sad\sad_431.jpg,sad
dataset\sad\sad_432.jpg,sad
dataset\fear\fear_325.jpg,fear
dataset\sad\sad_433.jpg,sad
dataset\sad\sad_434.jpg,sad
dataset\sad\sad_435.jpg,sad
dataset\sad\sad_436.jpg,sad
dataset\sad\sad_437.jpg,sad
dataset\sad\sad_438.jpg,sad
dataset\fear\fear_326.jpg,fear
dataset\sad\sad_439.jpg,sad
dataset\sad\sad_440.jpg,sad
dataset\fear\fear_327.jpg,fear
dataset\sad\sad_441.jpg,sad
dataset\sad\sad_442.jpg,sad
dataset\fear\fear_328.jpg,fear
dataset\sad\sad_443.jpg,sad
dataset\sad\sad_444.jpg,sad
dataset\sad\sad_445.jpg,sad
dataset\sad\sad_446.jpg,sad
dataset\sad\sad_447.jpg,sad
dataset\sad\sad_448.jpg,sad
dataset\sad\sad_449.jpg,sad
dataset\sad\sad_450.jpg,sad
dataset\sad\sad_451.jpg,sad
dataset\sad\sad_452.jpg,sad
dataset\sad\sad_453.jpg,sad
dataset\sad\sad_454.jpg,sad
dataset\sad\sad_455.jpg,sad
dataset\sad\sad_456.jpg,sad
dataset\sad\sad_457.jpg,sad
dataset\sad\sad_458.jpg,sad
dataset\sad\sad_459.jpg,sad
dataset\sad\sad_460.jpg,sad
dataset\sad\sad_461.jpg,sad
dataset\sad\sad_462.jpg,sad
dataset\sad\sad_463.jpg,sad
dataset\sad\sad_464.jpg,sad
dataset\sad\sad_465.jpg,sad
dataset\sad\sad_466.jpg,sad
dataset\sad\sad_467.jpg,sad
dataset\sad\sad_468.jpg,sad
dataset\sad\sad_469.jpg,sad
dataset\sad\sad_470.jpg,sad
dataset\sad\sad_471.jpg,sad
dataset\sad\sad_472.jpg,sad
dataset\fear\fear_329.jpg,fear
dataset\sad\sad_473.jpg,sad
dataset\fear\fear_330.jpg,fear
dataset\sad\sad_474.jpg,sad
dataset\sad\sad_475.jpg,sad
dataset\fear\fear_331.jpg,fear
dataset\sad\sad_476.jpg,sad
dataset\sad\sad_477.jpg,sad
dataset\sad\sad_478.jpg,sad
dataset\sad\sad_479.jpg,sad
dataset\fear\fear_332.jpg,fear
dataset\sad\sad_480.jpg,sad
dataset\fear\fear_333.jpg,fear
dataset\fear\fear_334.jpg,fear
dataset\fear\fear_335.jpg,fear
dataset\fear\fear_336.jpg,fear
dataset\fear\fear_337.jpg,fear
dataset\fear\fear_338.jpg,fear
dataset\fear\fear_339.jpg,fear
dataset\fear\fear_340.jpg,fear
dataset\fear\fear_341.jpg,fear
dataset\fear\fear_342.jpg,fear
dataset\fear\fear_343.jpg,fear
dataset\fear\fear_344.jpg,fear
dataset\sad\sad_481.jpg,sad
dataset\fear\fear_345.jpg,fear
dataset\fear\fear_346.jpg,fear
dataset\fear\fear_347.jpg,fear
dataset\fear\fear_348.jpg,fear
dataset\sad\sad_482.jpg,sad
dataset\sad\sad_483.jpg,sad
dataset\fear\fear_349.jpg,fear
dataset\fear\fear_350.jpg,fear
dataset\fear\fear_351.jpg,fear
dataset\fear\fear_352.jpg,fear
dataset\fear\fear_353.jpg,fear
dataset\sad\sad_484.jpg,sad
dataset\fear\fear_354.jpg,fear
dataset\fear\fear_355.jpg,fear
dataset\fear\fear_356.jpg,fear
dataset\fear\fear_357.jpg,fear
dataset\fear\fear_358.jpg,fear
dataset\sad\sad_485.jpg,sad
dataset\sad\sad_486.jpg,sad
dataset\sad\sad_487.jpg,sad
dataset\sad\sad_488.jpg,sad
dataset\sad\sad_489.jpg,sad
dataset\sad\sad_490.jpg,sad
dataset\sad\sad_491.jpg,sad
dataset\sad\sad_492.jpg,sad
dataset\sad\sad_493.jpg,sad
dataset\sad\sad_494.jpg,sad
dataset\sad\sad_495.jpg,sad
dataset\sad\sad_496.jpg,sad
dataset\sad\sad_497.jpg,sad
dataset\sad\sad_498.jpg,sad
dataset\sad\sad_499.jpg,sad
dataset\fear\fear_359.jpg,fear
dataset\fear\fear_360.jpg,fear
dataset\fear\fear_361.jpg,fear
dataset\fear\fear_362.jpg,fear
dataset\fear\fear_363.jpg,fear
dataset\fear\fear_364.jpg,fear
dataset\fear\fear_365.jpg,fear
dataset\fear\fear_366.jpg,fear
dataset\fear\fear_367.jpg,fear
dataset\fear\fear_368.jpg,fear
dataset\fear\fear_369.jpg,fear
dataset\fear\fear_370.jpg,fear
dataset\fear\fear_371.jpg,fear
dataset\fear\fear_372.jpg,fear
dataset\fear\fear_373.jpg,fear
dataset\fear\fear_374.jpg,fear
dataset\fear\fear_375.jpg,fear
dataset\fear\fear_376.jpg,fear
dataset\fear\fear_377.jpg,fear
dataset\fear\fear_378.jpg,fear
dataset\fear\fear_379.jpg,fear
dataset\fear\fear_380.jpg,fear
dataset\fear\fear_381.jpg,fear
dataset\fear\fear_382.jpg,fear
dataset\fear\fear_383.jpg,fear
dataset\fear\fear_384.jpg,fear
dataset\fear\fear_385.jpg,fear
dataset\fear\fear_386.jpg,fear
dataset\fear\fear_387.jpg,fear
dataset\fear\fear_388.jpg,fear
dataset\fear\fear_389.jpg,fear
dataset\fear\fear_390.jpg,fear
dataset\fear\fear_391.jpg,fear
dataset\fear\fear_392.jpg,fear
dataset\fear\fear_393.jpg,fear
dataset\angry\angry_221.jpg,angry
dataset\fear\fear_394.jpg,fear
dataset\fear\fear_395.jpg,fear
dataset\fear\fear_396.jpg,fear
dataset\angry\angry_222.jpg,angry
dataset\angry\angry_223.jpg,angry
dataset\disgust\disgust_92.jpg,disgust
dataset\disgust\disgust_93.jpg,disgust
dataset\disgust\disgust_94.jpg,disgust
dataset\disgust\disgust_95.jpg,disgust
dataset\disgust\disgust_96.jpg,disgust
dataset\angry\angry_224.jpg,angry
dataset\angry\angry_225.jpg,angry
dataset\disgust\disgust_97.jpg,disgust
dataset\angry\angry_226.jpg,angry
dataset\angry\angry_227.jpg,angry
dataset\angry\angry_228.jpg,angry
dataset\angry\angry_229.jpg,angry
dataset\disgust\disgust_98.jpg,disgust
dataset\angry\angry_230.jpg,angry
dataset\disgust\disgust_99.jpg,disgust
dataset\disgust\disgust_100.jpg,disgust
dataset\disgust\disgust_101.jpg,disgust
dataset\angry\angry_231.jpg,angry
dataset\disgust\disgust_102.jpg,disgust
dataset\angry\angry_232.jpg,angry
dataset\angry\angry_233.jpg,angry
dataset\angry\angry_234.jpg,angry
dataset\angry\angry_235.jpg,angry
dataset\disgust\disgust_103.jpg,disgust
dataset\disgust\disgust_104.jpg,disgust
dataset\angry\angry_236.jpg,angry
dataset\angry\angry_237.jpg,angry
dataset\angry\angry_238.jpg,angry
dataset\angry\angry_239.jpg,angry
dataset\angry\angry_240.jpg,angry
dataset\angry\angry_241.jpg,angry
dataset\angry\angry_242.jpg,angry
dataset\angry\angry_243.jpg,angry
dataset\angry\angry_244.jpg,angry
dataset\angry\angry_245.jpg,angry
dataset\angry\angry_246.jpg,angry
dataset\angry\angry_247.jpg,angry
dataset\angry\angry_248.jpg,angry
dataset\angry\angry_249.jpg,angry
dataset\disgust\disgust_105.jpg,disgust
dataset\disgust\disgust_106.jpg,disgust
dataset\disgust\disgust_107.jpg,disgust
dataset\disgust\disgust_108.jpg,disgust
dataset\angry\angry_250.jpg,angry
dataset\disgust\disgust_109.jpg,disgust
dataset\angry\angry_251.jpg,angry
dataset\angry\angry_252.jpg,angry
dataset\disgust\disgust_110.jpg,disgust
dataset\disgust\disgust_111.jpg,disgust
dataset\angry\angry_253.jpg,angry
dataset\disgust\disgust_112.jpg,disgust
dataset\angry\angry_254.jpg,angry
dataset\angry\angry_255.jpg,angry
dataset\disgust\disgust_113.jpg,disgust
dataset\angry\angry_256.jpg,angry
dataset\angry\angry_257.jpg,angry
dataset\angry\angry_258.jpg,angry
dataset\angry\angry_259.jpg,angry
dataset\angry\angry_260.jpg,angry
dataset\angry\angry_261.jpg,angry
dataset\angry\angry_262.jpg,angry
dataset\angry\angry_263.jpg,angry
dataset\angry\angry_264.jpg,angry
dataset\disgust\disgust_114.jpg,disgust
dataset\angry\angry_265.jpg,angry
dataset\angry\angry_266.jpg,angry
dataset\angry\angry_267.jpg,angry
dataset\angry\angry_268.jpg,angry
dataset\angry\angry_269.jpg,angry
dataset\angry\angry_270.jpg,angry
dataset\angry\angry_271.jpg,angry
dataset\angry\angry_272.jpg,angry
dataset\angry\angry_273.jpg,angry
dataset\angry\angry_274.jpg,angry
dataset\angry\angry_275.jpg,angry
dataset\angry\angry_276.jpg,angry
dataset\angry\angry_277.jpg,angry
dataset\angry\angry_278.jpg,angry
dataset\angry\angry_279.jpg,angry
dataset\angry\angry_280.jpg,angry
dataset\angry\angry_281.jpg,angry
dataset\disgust\disgust_115.jpg,disgust
dataset\disgust\disgust_116.jpg,disgust
dataset\angry\angry_282.jpg,angry
dataset\angry\angry_283.jpg,angry
dataset\disgust\disgust_117.jpg,disgust
dataset\angry\angry_284.jpg,angry
dataset\angry\angry_285.jpg,angry
dataset\disgust\disgust_118.jpg,disgust
dataset\angry\angry_286.jpg,angry
dataset\fear\fear_397.jpg,fear
dataset\disgust\disgust_119.jpg,disgust
dataset\disgust\disgust_120.jpg,disgust
dataset\angry\angry_287.jpg,angry
dataset\angry\angry_288.jpg,angry
dataset\angry\angry_289.jpg,angry
dataset\disgust\disgust_121.jpg,disgust
dataset\angry\angry_290.jpg,angry
dataset\angry\angry_291.jpg,angry
dataset\angry\angry_292.jpg,angry
dataset\fear\fear_398.jpg,fear
dataset\disgust\disgust_122.jpg,disgust
dataset\disgust\disgust_123.jpg,disgust
dataset\disgust\disgust_124.jpg,disgust
dataset\angry\angry_293.jpg,angry
dataset\disgust\disgust_125.jpg,disgust
dataset\disgust\disgust_126.jpg,disgust
dataset\disgust\disgust_127.jpg,disgust
dataset\disgust\disgust_128.jpg,disgust
dataset\disgust\disgust_129.jpg,disgust
dataset\disgust\disgust_130.jpg,disgust
dataset\disgust\disgust_131.jpg,disgust
dataset\disgust\disgust_132.jpg,disgust
dataset\angry\angry_294.jpg,angry
dataset\angry\angry_295.jpg,angry
dataset\disgust\disgust_133.jpg,disgust
dataset\disgust\disgust_134.jpg,disgust
dataset\angry\angry_296.jpg,angry
dataset\disgust\disgust_135.jpg,disgust
dataset\disgust\disgust_136.jpg,disgust
dataset\angry\angry_297.jpg,angry
dataset\disgust\disgust_137.jpg,disgust
dataset\angry\angry_298.jpg,angry
dataset\angry\angry_299.jpg,angry
dataset\disgust\disgust_138.jpg,disgust
dataset\angry\angry_300.jpg,angry
dataset\angry\angry_301.jpg,angry
dataset\disgust\disgust_139.jpg,disgust
dataset\angry\angry_302.jpg,angry
dataset\angry\angry_303.jpg,angry
dataset\angry\angry_304.jpg,angry
dataset\disgust\disgust_140.jpg,disgust
dataset\disgust\disgust_141.jpg,disgust
dataset\angry\angry_305.jpg,angry
dataset\angry\angry_306.jpg,angry
dataset\angry\angry_307.jpg,angry
dataset\disgust\disgust_142.jpg,disgust
dataset\disgust\disgust_143.jpg,disgust
dataset\angry\angry_308.jpg,angry
dataset\disgust\disgust_144.jpg,disgust
dataset\angry\angry_309.jpg,angry
dataset\angry\angry_310.jpg,angry
dataset\disgust\disgust_145.jpg,disgust
dataset\angry\angry_311.jpg,angry
dataset\angry\angry_312.jpg,angry
dataset\angry\angry_313.jpg,angry
dataset\disgust\disgust_146.jpg,disgust
dataset\angry\angry_314.jpg,angry
dataset\angry\angry_315.jpg,angry
dataset\angry\angry_316.jpg,angry
dataset\angry\angry_317.jpg,angry
dataset\disgust\disgust_147.jpg,disgust
dataset\angry\angry_318.jpg,angry
dataset\disgust\disgust_148.jpg,disgust
dataset\disgust\disgust_149.jpg,disgust
dataset\disgust\disgust_150.jpg,disgust
dataset\disgust\disgust_151.jpg,disgust
dataset\angry\angry_319.jpg,angry
dataset\angry\angry_320.jpg,angry
dataset\disgust\disgust_152.jpg,disgust
dataset\angry\angry_321.jpg,angry
dataset\angry\angry_322.jpg,angry
dataset\angry\angry_323.jpg,angry
dataset\disgust\disgust_153.jpg,disgust
dataset\angry\angry_324.jpg,angry
dataset\angry\angry_325.jpg,angry
dataset\disgust\disgust_154.jpg,disgust
dataset\disgust\disgust_155.jpg,disgust
dataset\fear\fear_399.jpg,fear
dataset\angry\angry_326.jpg,angry
dataset\fear\fear_400.jpg,fear
dataset\fear\fear_401.jpg,fear
dataset\angry\angry_327.jpg,angry
dataset\fear\fear_402.jpg,fear
dataset\angry\angry_328.jpg,angry
dataset\angry\angry_329.jpg,angry
dataset\angry\angry_330.jpg,angry
dataset\angry\angry_331.jpg,angry
dataset\angry\angry_332.jpg,angry
dataset\angry\angry_333.jpg,angry
dataset\angry\angry_334.jpg,angry
dataset\angry\angry_335.jpg,angry
dataset\angry\angry_336.jpg,angry
dataset\fear\fear_403.jpg,fear
dataset\angry\angry_337.jpg,angry
dataset\angry\angry_338.jpg,angry
dataset\angry\angry_339.jpg,angry
dataset\fear\fear_404.jpg,fear
dataset\angry\angry_340.jpg,angry
dataset\angry\angry_341.jpg,angry
dataset\angry\angry_342.jpg,angry
dataset\angry\angry_343.jpg,angry
dataset\angry\angry_344.jpg,angry
dataset\angry\angry_345.jpg,angry
dataset\fear\fear_405.jpg,fear
dataset\angry\angry_346.jpg,angry
dataset\fear\fear_406.jpg,fear
dataset\fear\fear_407.jpg,fear
dataset\fear\fear_408.jpg,fear
dataset\fear\fear_409.jpg,fear
dataset\fear\fear_410.jpg,fear
dataset\fear\fear_411.jpg,fear
dataset\fear\fear_412.jpg,fear
dataset\fear\fear_413.jpg,fear
dataset\fear\fear_414.jpg,fear
dataset\fear\fear_415.jpg,fear
dataset\fear\fear_416.jpg,fear
dataset\fear\fear_417.jpg,fear
dataset\fear\fear_418.jpg,fear
dataset\surprise\surprise_38.jpg,surprise
dataset\surprise\surprise_39.jpg,surprise
dataset\fear\fear_419.jpg,fear
dataset\surprise\surprise_40.jpg,surprise
dataset\fear\fear_420.jpg,fear
dataset\surprise\surprise_41.jpg,surprise
dataset\surprise\surprise_42.jpg,surprise
dataset\surprise\surprise_43.jpg,surprise
dataset\surprise\surprise_44.jpg,surprise
dataset\surprise\surprise_45.jpg,surprise
dataset\fear\fear_421.jpg,fear
dataset\surprise\surprise_46.jpg,surprise
dataset\surprise\surprise_47.jpg,surprise
dataset\fear\fear_422.jpg,fear
dataset\fear\fear_423.jpg,fear
dataset\angry\angry_347.jpg,angry
dataset\surprise\surprise_48.jpg,surprise
dataset\fear\fear_424.jpg,fear
dataset\fear\fear_425.jpg,fear
dataset\fear\fear_426.jpg,fear
dataset\angry\angry_348.jpg,angry
dataset\angry\angry_349.jpg,angry
dataset\surprise\surprise_49.jpg,surprise
dataset\surprise\surprise_50.jpg,surprise
dataset\angry\angry_350.jpg,angry
dataset\fear\fear_427.jpg,fear
dataset\fear\fear_428.jpg,fear
dataset\surprise\surprise_51.jpg,surprise
dataset\fear\fear_429.jpg,fear
dataset\fear\fear_430.jpg,fear
dataset\fear\fear_431.jpg,fear
dataset\angry\angry_351.jpg,angry
dataset\fear\fear_432.jpg,fear
dataset\angry\angry_352.jpg,angry
dataset\surprise\surprise_52.jpg,surprise
dataset\fear\fear_433.jpg,fear
dataset\angry\angry_353.jpg,angry
dataset\angry\angry_354.jpg,angry
dataset\angry\angry_355.jpg,angry
dataset\surprise\surprise_53.jpg,surprise
dataset\fear\fear_434.jpg,fear
dataset\surprise\surprise_54.jpg,surprise
dataset\angry\angry_356.jpg,angry
dataset\fear\fear_435.jpg,fear
dataset\surprise\surprise_55.jpg,surprise
dataset\angry\angry_357.jpg,angry
dataset\fear\fear_436.jpg,fear
dataset\surprise\surprise_56.jpg,surprise
dataset\angry\angry_358.jpg,angry
dataset\angry\angry_359.jpg,angry
dataset\fear\fear_437.jpg,fear
dataset\angry\angry_360.jpg,angry
dataset\fear\fear_438.jpg,fear
dataset\angry\angry_361.jpg,angry
dataset\surprise\surprise_57.jpg,surprise
dataset\fear\fear_439.jpg,fear
dataset\angry\angry_362.jpg,angry
dataset\fear\fear_440.jpg,fear
dataset\angry\angry_363.jpg,angry
dataset\fear\fear_441.jpg,fear
dataset\surprise\surprise_58.jpg,surprise
dataset\surprise\surprise_59.jpg,surprise
dataset\angry\angry_364.jpg,angry
dataset\angry\angry_365.jpg,angry
dataset\fear\fear_442.jpg,fear
dataset\angry\angry_366.jpg,angry
dataset\fear\fear_443.jpg,fear
dataset\fear\fear_444.jpg,fear
dataset\fear\fear_445.jpg,fear
dataset\fear\fear_446.jpg,fear
dataset\fear\fear_447.jpg,fear
dataset\angry\angry_367.jpg,angry
dataset\fear\fear_448.jpg,fear
dataset\angry\angry_368.jpg,angry
dataset\angry\angry_369.jpg,angry
dataset\fear\fear_449.jpg,fear
dataset\surprise\surprise_60.jpg,surprise
dataset\fear\fear_450.jpg,fear
dataset\fear\fear_451.jpg,fear
dataset\surprise\surprise_61.jpg,surprise
dataset\surprise\surprise_62.jpg,surprise
dataset\angry\angry_370.jpg,angry
dataset\angry\angry_371.jpg,angry
dataset\fear\fear_452.jpg,fear
dataset\angry\angry_372.jpg,angry
dataset\angry\angry_373.jpg,angry
dataset\angry\angry_374.jpg,angry
dataset\angry\angry_375.jpg,angry
dataset\surprise\surprise_63.jpg,surprise
dataset\angry\angry_376.jpg,angry
dataset\fear\fear_453.jpg,fear
dataset\surprise\surprise_64.jpg,surprise
dataset\surprise\surprise_65.jpg,surprise
dataset\surprise\surprise_66.jpg,surprise
dataset\surprise\surprise_67.jpg,surprise
dataset\angry\angry_377.jpg,angry
dataset\angry\angry_378.jpg,angry
dataset\fear\fear_454.jpg,fear
dataset\fear\fear_455.jpg,fear
dataset\angry\angry_379.jpg,angry
dataset\fear\fear_456.jpg,fear
dataset\fear\fear_457.jpg,fear
dataset\angry\angry_380.jpg,angry
dataset\angry\angry_381.jpg,angry
dataset\angry\angry_382.jpg,angry
dataset\angry\angry_383.jpg,angry
dataset\angry\angry_384.jpg,angry
dataset\angry\angry_385.jpg,angry
dataset\fear\fear_458.jpg,fear
dataset\angry\angry_386.jpg,angry
dataset\fear\fear_459.jpg,fear
dataset\surprise\surprise_68.jpg,surprise
dataset\angry\angry_387.jpg,angry
dataset\angry\angry_388.jpg,angry
dataset\angry\angry_389.jpg,angry
dataset\angry\angry_390.jpg,angry
dataset\angry\angry_391.jpg,angry
dataset\surprise\surprise_69.jpg,surprise
dataset\fear\fear_460.jpg,fear
dataset\surprise\surprise_70.jpg,surprise
dataset\angry\angry_392.jpg,angry
dataset\fear\fear_461.jpg,fear
dataset\surprise\surprise_71.jpg,surprise
dataset\fear\fear_462.jpg,fear
dataset\angry\angry_393.jpg,angry
dataset\angry\angry_394.jpg,angry
dataset\surprise\surprise_72.jpg,surprise
dataset\fear\fear_463.jpg,fear
dataset\surprise\surprise_73.jpg,surprise
dataset\fear\fear_464.jpg,fear
dataset\surprise\surprise_74.jpg,surprise
dataset\fear\fear_465.jpg,fear
dataset\fear\fear_466.jpg,fear
dataset\fear\fear_467.jpg,fear
dataset\surprise\surprise_75.jpg,surprise
dataset\surprise\surprise_76.jpg,surprise
dataset\fear\fear_468.jpg,fear
dataset\fear\fear_469.jpg,fear
dataset\fear\fear_470.jpg,fear
dataset\fear\fear_471.jpg,fear
dataset\fear\fear_472.jpg,fear
dataset\angry\angry_395.jpg,angry
dataset\angry\angry_396.jpg,angry
dataset\angry\angry_397.jpg,angry
dataset\angry\angry_398.jpg,angry
dataset\fear\fear_473.jpg,fear
dataset\fear\fear_474.jpg,fear
dataset\fear\fear_475.jpg,fear
dataset\fear\fear_476.jpg,fear
dataset\angry\angry_399.jpg,angry
dataset\angry\angry_400.jpg,angry
dataset\fear\fear_477.jpg,fear
dataset\fear\fear_478.jpg,fear
dataset\fear\fear_479.jpg,fear
dataset\fear\fear_480.jpg,fear
dataset\angry\angry_401.jpg,angry
dataset\surprise\surprise_77.jpg,surprise
dataset\surprise\surprise_78.jpg,surprise
dataset\surprise\surprise_79.jpg,surprise
dataset\angry\angry_402.jpg,angry
dataset\surprise\surprise_80.jpg,surprise
dataset\angry\angry_403.jpg,angry
dataset\angry\angry_404.jpg,angry
dataset\angry\angry_405.jpg,angry
dataset\surprise\surprise_81.jpg,surprise
dataset\fear\fear_481.jpg,fear
dataset\surprise\surprise_82.jpg,surprise
dataset\angry\angry_406.jpg,angry
dataset\angry\angry_407.jpg,angry
dataset\angry\angry_408.jpg,angry
dataset\angry\angry_409.jpg,angry
dataset\surprise\surprise_83.jpg,surprise
dataset\fear\fear_482.jpg,fear
dataset\angry\angry_410.jpg,angry
dataset\angry\angry_411.jpg,angry
dataset\angry\angry_412.jpg,angry
dataset\angry\angry_413.jpg,angry
dataset\angry\angry_414.jpg,angry
dataset\angry\angry_415.jpg,angry
dataset\angry\angry_416.jpg,angry
dataset\angry\angry_417.jpg,angry
dataset\fear\fear_483.jpg,fear
dataset\fear\fear_484.jpg,fear
dataset\angry\angry_418.jpg,angry
dataset\angry\angry_419.jpg,angry
dataset\angry\angry_420.jpg,angry
dataset\fear\fear_485.jpg,fear
dataset\angry\angry_421.jpg,angry
dataset\angry\angry_422.jpg,angry
dataset\fear\fear_486.jpg,fear
dataset\angry\angry_423.jpg,angry
dataset\fear\fear_487.jpg,fear
dataset\fear\fear_488.jpg,fear
dataset\fear\fear_489.jpg,fear
dataset\fear\fear_490.jpg,fear
dataset\fear\fear_491.jpg,fear
dataset\fear\fear_492.jpg,fear
dataset\fear\fear_493.jpg,fear
dataset\fear\fear_494.jpg,fear
dataset\fear\fear_495.jpg,fear
dataset\fear\fear_496.jpg,fear
dataset\fear\fear_497.jpg,fear
dataset\fear\fear_498.jpg,fear
dataset\fear\fear_499.jpg,fear
dataset\angry\angry_424.jpg,angry
dataset\angry\angry_425.jpg,angry
dataset\angry\angry_426.jpg,angry
dataset\angry\angry_427.jpg,angry
dataset\angry\angry_428.jpg,angry
dataset\angry\angry_429.jpg,angry
dataset\angry\angry_430.jpg,angry
dataset\angry\angry_431.jpg,angry
dataset\angry\angry_432.jpg,angry
dataset\angry\angry_433.jpg,angry
dataset\angry\angry_434.jpg,angry
dataset\angry\angry_435.jpg,angry
dataset\angry\angry_436.jpg,angry
dataset\angry\angry_437.jpg,angry
dataset\angry\angry_438.jpg,angry
dataset\angry\angry_439.jpg,angry
dataset\angry\angry_440.jpg,angry
dataset\angry\angry_441.jpg,angry
dataset\angry\angry_442.jpg,angry
dataset\angry\angry_443.jpg,angry
dataset\angry\angry_444.jpg,angry
dataset\angry\angry_445.jpg,angry
dataset\angry\angry_446.jpg,angry
dataset\angry\angry_447.jpg,angry
dataset\angry\angry_448.jpg,angry
dataset\angry\angry_449.jpg,angry
dataset\surprise\surprise_84.jpg,surprise
dataset\angry\angry_450.jpg,angry
dataset\angry\angry_451.jpg,angry
dataset\angry\angry_452.jpg,angry
dataset\angry\angry_453.jpg,angry
dataset\angry\angry_454.jpg,angry
dataset\angry\angry_455.jpg,angry
dataset\surprise\surprise_85.jpg,surprise
dataset\surprise\surprise_86.jpg,surprise
dataset\angry\angry_456.jpg,angry
dataset\angry\angry_457.jpg,angry
dataset\angry\angry_458.jpg,angry
dataset\angry\angry_459.jpg,angry
dataset\angry\angry_460.jpg,angry
dataset\angry\angry_461.jpg,angry
dataset\angry\angry_462.jpg,angry
dataset\angry\angry_463.jpg,angry
dataset\angry\angry_464.jpg,angry
dataset\angry\angry_465.jpg,angry
dataset\angry\angry_466.jpg,angry
dataset\angry\angry_467.jpg,angry
dataset\angry\angry_468.jpg,angry
dataset\angry\angry_469.jpg,angry
dataset\angry\angry_470.jpg,angry
dataset\angry\angry_471.jpg,angry
dataset\angry\angry_472.jpg,angry
dataset\angry\angry_473.jpg,angry
dataset\angry\angry_474.jpg,angry
dataset\angry\angry_475.jpg,angry
dataset\angry\angry_476.jpg,angry
dataset\angry\angry_477.jpg,angry
dataset\angry\angry_478.jpg,angry
dataset\angry\angry_479.jpg,angry
dataset\angry\angry_480.jpg,angry
dataset\angry\angry_481.jpg,angry
dataset\angry\angry_482.jpg,angry
dataset\angry\angry_483.jpg,angry
dataset\angry\angry_484.jpg,angry
dataset\angry\angry_485.jpg,angry
dataset\angry\angry_486.jpg,angry
dataset\angry\angry_487.jpg,angry
dataset\angry\angry_488.jpg,angry
dataset\angry\angry_489.jpg,angry
dataset\angry\angry_490.jpg,angry
dataset\angry\angry_491.jpg,angry
dataset\angry\angry_492.jpg,angry
dataset\angry\angry_493.jpg,angry
dataset\angry\angry_494.jpg,angry
dataset\angry\angry_495.jpg,angry
dataset\angry\angry_496.jpg,angry
dataset\angry\angry_497.jpg,angry
dataset\angry\angry_498.jpg,angry
dataset\angry\angry_499.jpg,angry
dataset\surprise\surprise_87.jpg,surprise
dataset\surprise\surprise_88.jpg,surprise
dataset\surprise\surprise_89.jpg,surprise
dataset\surprise\surprise_90.jpg,surprise
dataset\surprise\surprise_91.jpg,surprise
dataset\surprise\surprise_92.jpg,surprise
dataset\surprise\surprise_93.jpg,surprise
dataset\surprise\surprise_94.jpg,surprise
dataset\surprise\surprise_95.jpg,surprise
dataset\surprise\surprise_96.jpg,surprise
dataset\surprise\surprise_97.jpg,surprise
dataset\surprise\surprise_98.jpg,surprise
dataset\surprise\surprise_99.jpg,surprise
dataset\surprise\surprise_100.jpg,surprise
dataset\surprise\surprise_101.jpg,surprise
dataset\surprise\surprise_102.jpg,surprise
dataset\surprise\surprise_103.jpg,surprise
dataset\surprise\surprise_104.jpg,surprise
dataset\surprise\surprise_105.jpg,surprise
dataset\surprise\surprise_106.jpg,surprise
dataset\surprise\surprise_107.jpg,surprise
dataset\surprise\surprise_108.jpg,surprise
dataset\surprise\surprise_109.jpg,surprise
dataset\surprise\surprise_110.jpg,surprise
dataset\surprise\surprise_111.jpg,surprise
dataset\surprise\surprise_112.jpg,surprise
dataset\surprise\surprise_113.jpg,surprise
dataset\surprise\surprise_114.jpg,surprise
dataset\surprise\surprise_115.jpg,surprise
dataset\surprise\surprise_116.jpg,surprise
dataset\surprise\surprise_117.jpg,surprise
dataset\surprise\surprise_118.jpg,surprise
dataset\surprise\surprise_119.jpg,surprise
dataset\surprise\surprise_120.jpg,surprise
dataset\surprise\surprise_121.jpg,surprise
dataset\surprise\surprise_122.jpg,surprise
dataset\surprise\surprise_123.jpg,surprise
dataset\surprise\surprise_124.jpg,surprise
dataset\surprise\surprise_125.jpg,surprise
dataset\surprise\surprise_126.jpg,surprise
dataset\surprise\surprise_127.jpg,surprise
dataset\surprise\surprise_128.jpg,surprise
dataset\surprise\surprise_129.jpg,surprise
dataset\surprise\surprise_130.jpg,surprise
dataset\surprise\surprise_131.jpg,surprise
dataset\surprise\surprise_132.jpg,surprise
dataset\surprise\surprise_133.jpg,surprise
dataset\surprise\surprise_134.jpg,surprise
dataset\surprise\surprise_135.jpg,surprise
dataset\surprise\surprise_136.jpg,surprise
dataset\surprise\surprise_137.jpg,surprise
dataset\surprise\surprise_138.jpg,surprise
dataset\surprise\surprise_139.jpg,surprise
dataset\surprise\surprise_140.jpg,surprise
dataset\surprise\surprise_141.jpg,surprise
dataset\surprise\surprise_142.jpg,surprise
dataset\surprise\surprise_143.jpg,surprise
dataset\surprise\surprise_144.jpg,surprise
dataset\surprise\surprise_145.jpg,surprise
dataset\surprise\surprise_146.jpg,surprise
dataset\surprise\surprise_147.jpg,surprise
dataset\surprise\surprise_148.jpg,surprise
dataset\surprise\surprise_149.jpg,surprise
dataset\surprise\surprise_150.jpg,surprise
dataset\surprise\surprise_151.jpg,surprise
dataset\surprise\surprise_152.jpg,surprise
dataset\surprise\surprise_153.jpg,surprise
dataset\surprise\surprise_154.jpg,surprise
dataset\surprise\surprise_155.jpg,surprise
dataset\surprise\surprise_156.jpg,surprise
dataset\surprise\surprise_157.jpg,surprise
dataset\surprise\surprise_158.jpg,surprise
dataset\surprise\surprise_159.jpg,surprise
dataset\surprise\surprise_160.jpg,surprise
dataset\surprise\surprise_161.jpg,surprise
dataset\surprise\surprise_162.jpg,surprise
dataset\surprise\surprise_163.jpg,surprise
dataset\surprise\surprise_164.jpg,surprise
dataset\surprise\surprise_165.jpg,surprise
dataset\surprise\surprise_166.jpg,surprise
dataset\surprise\surprise_167.jpg,surprise
dataset\surprise\surprise_168.jpg,surprise
dataset\surprise\surprise_169.jpg,surprise
dataset\surprise\surprise_170.jpg,surprise
dataset\surprise\surprise_171.jpg,surprise
dataset\surprise\surprise_172.jpg,surprise
dataset\surprise\surprise_173.jpg,surprise
dataset\surprise\surprise_174.jpg,surprise
dataset\surprise\surprise_175.jpg,surprise
dataset\surprise\surprise_176.jpg,surprise
dataset\surprise\surprise_177.jpg,surprise
dataset\surprise\surprise_178.jpg,surprise
dataset\surprise\surprise_179.jpg,surprise
dataset\surprise\surprise_180.jpg,surprise
dataset\surprise\surprise_181.jpg,surprise
dataset\surprise\surprise_182.jpg,surprise
dataset\surprise\surprise_183.jpg,surprise
dataset\surprise\surprise_184.jpg,surprise
dataset\surprise\surprise_185.jpg,surprise
dataset\surprise\surprise_186.jpg,surprise
dataset\surprise\surprise_187.jpg,surprise
dataset\surprise\surprise_188.jpg,surprise
dataset\surprise\surprise_189.jpg,surprise
dataset\surprise\surprise_190.jpg,surprise
dataset\surprise\surprise_191.jpg,surprise
dataset\surprise\surprise_192.jpg,surprise
dataset\surprise\surprise_193.jpg,surprise
dataset\surprise\surprise_194.jpg,surprise
dataset\surprise\surprise_195.jpg,surprise
dataset\surprise\surprise_196.jpg,surprise
dataset\surprise\surprise_197.jpg,surprise
dataset\surprise\surprise_198.jpg,surprise
dataset\surprise\surprise_199.jpg,surprise
dataset\surprise\surprise_200.jpg,surprise
dataset\surprise\surprise_201.jpg,surprise
dataset\surprise\surprise_202.jpg,surprise
dataset\surprise\surprise_203.jpg,surprise
dataset\surprise\surprise_204.jpg,surprise
dataset\surprise\surprise_205.jpg,surprise
dataset\surprise\surprise_206.jpg,surprise
dataset\surprise\surprise_207.jpg,surprise
dataset\surprise\surprise_208.jpg,surprise
dataset\surprise\surprise_209.jpg,surprise
dataset\surprise\surprise_210.jpg,surprise
dataset\surprise\surprise_211.jpg,surprise
dataset\surprise\surprise_212.jpg,surprise
dataset\surprise\surprise_213.jpg,surprise
dataset\surprise\surprise_214.jpg,surprise
dataset\surprise\surprise_215.jpg,surprise
dataset\surprise\surprise_216.jpg,surprise
dataset\surprise\surprise_217.jpg,surprise
dataset\surprise\surprise_218.jpg,surprise
dataset\surprise\surprise_219.jpg,surprise
dataset\surprise\surprise_220.jpg,surprise
dataset\surprise\surprise_221.jpg,surprise
dataset\surprise\surprise_222.jpg,surprise
dataset\surprise\surprise_223.jpg,surprise
dataset\surprise\surprise_224.jpg,surprise
dataset\surprise\surprise_225.jpg,surprise
dataset\surprise\surprise_226.jpg,surprise
dataset\surprise\surprise_227.jpg,surprise
dataset\surprise\surprise_228.jpg,surprise
dataset\surprise\surprise_229.jpg,surprise
dataset\surprise\surprise_230.jpg,surprise
dataset\surprise\surprise_231.jpg,surprise
dataset\surprise\surprise_232.jpg,surprise
dataset\surprise\surprise_233.jpg,surprise
dataset\surprise\surprise_234.jpg,surprise
dataset\surprise\surprise_235.jpg,surprise
dataset\surprise\surprise_236.jpg,surprise
dataset\surprise\surprise_237.jpg,surprise
dataset\surprise\surprise_238.jpg,surprise
dataset\surprise\surprise_239.jpg,surprise
dataset\surprise\surprise_240.jpg,surprise
dataset\surprise\surprise_241.jpg,surprise
dataset\surprise\surprise_242.jpg,surprise
dataset\surprise\surprise_243.jpg,surprise
dataset\surprise\surprise_244.jpg,surprise
dataset\surprise\surprise_245.jpg,surprise
dataset\surprise\surprise_246.jpg,surprise
dataset\surprise\surprise_247.jpg,surprise
dataset\surprise\surprise_248.jpg,surprise
dataset\surprise\surprise_249.jpg,surprise
dataset\surprise\surprise_250.jpg,surprise
dataset\surprise\surprise_251.jpg,surprise
dataset\surprise\surprise_252.jpg,surprise
dataset\surprise\surprise_253.jpg,surprise
dataset\surprise\surprise_254.jpg,surprise
dataset\surprise\surprise_255.jpg,surprise
dataset\surprise\surprise_256.jpg,surprise
dataset\surprise\surprise_257.jpg,surprise
dataset\surprise\surprise_258.jpg,surprise
dataset\surprise\surprise_259.jpg,surprise
dataset\surprise\surprise_260.jpg,surprise
dataset\surprise\surprise_261.jpg,surprise
dataset\surprise\surprise_262.jpg,surprise
dataset\surprise\surprise_263.jpg,surprise
dataset\surprise\surprise_264.jpg,surprise
dataset\surprise\surprise_265.jpg,surprise
dataset\surprise\surprise_266.jpg,surprise
dataset\surprise\surprise_267.jpg,surprise
dataset\surprise\surprise_268.jpg,surprise
dataset\surprise\surprise_269.jpg,surprise
dataset\surprise\surprise_270.jpg,surprise
dataset\surprise\surprise_271.jpg,surprise
dataset\surprise\surprise_272.jpg,surprise
dataset\surprise\surprise_273.jpg,surprise
dataset\surprise\surprise_274.jpg,surprise
dataset\surprise\surprise_275.jpg,surprise
dataset\surprise\surprise_276.jpg,surprise
dataset\surprise\surprise_277.jpg,surprise
dataset\surprise\surprise_278.jpg,surprise
dataset\surprise\surprise_279.jpg,surprise
dataset\surprise\surprise_280.jpg,surprise
dataset\surprise\surprise_281.jpg,surprise
dataset\surprise\surprise_282.jpg,surprise
dataset\surprise\surprise_283.jpg,surprise
dataset\surprise\surprise_284.jpg,surprise
dataset\surprise\surprise_285.jpg,surprise
dataset\surprise\surprise_286.jpg,surprise
dataset\surprise\surprise_287.jpg,surprise
dataset\surprise\surprise_288.jpg,surprise
dataset\surprise\surprise_289.jpg,surprise
dataset\surprise\surprise_290.jpg,surprise
dataset\surprise\surprise_291.jpg,surprise
dataset\surprise\surprise_292.jpg,surprise
dataset\surprise\surprise_293.jpg,surprise
dataset\surprise\surprise_294.jpg,surprise
dataset\surprise\surprise_295.jpg,surprise
dataset\surprise\surprise_296.jpg,surprise
dataset\surprise\surprise_297.jpg,surprise
dataset\surprise\surprise_298.jpg,surprise
dataset\surprise\surprise_299.jpg,surprise
dataset\surprise\surprise_300.jpg,surprise
dataset\surprise\surprise_301.jpg,surprise
dataset\surprise\surprise_302.jpg,surprise
dataset\surprise\surprise_303.jpg,surprise
dataset\surprise\surprise_304.jpg,surprise
dataset\surprise\surprise_305.jpg,surprise
dataset\surprise\surprise_306.jpg,surprise
dataset\surprise\surprise_307.jpg,surprise
dataset\surprise\surprise_308.jpg,surprise
dataset\surprise\surprise_309.jpg,surprise
dataset\surprise\surprise_310.jpg,surprise
dataset\surprise\surprise_311.jpg,surprise
dataset\surprise\surprise_312.jpg,surprise
dataset\surprise\surprise_313.jpg,surprise
dataset\surprise\surprise_314.jpg,surprise
dataset\surprise\surprise_315.jpg,surprise
dataset\surprise\surprise_316.jpg,surprise
dataset\surprise\surprise_317.jpg,surprise
dataset\surprise\surprise_318.jpg,surprise
dataset\surprise\surprise_319.jpg,surprise
dataset\surprise\surprise_320.jpg,surprise
dataset\surprise\surprise_321.jpg,surprise
dataset\surprise\surprise_322.jpg,surprise
dataset\surprise\surprise_323.jpg,surprise
dataset\surprise\surprise_324.jpg,surprise
dataset\surprise\surprise_325.jpg,surprise
dataset\surprise\surprise_326.jpg,surprise
dataset\surprise\surprise_327.jpg,surprise
dataset\surprise\surprise_328.jpg,surprise
dataset\surprise\surprise_329.jpg,surprise
dataset\surprise\surprise_330.jpg,surprise
dataset\surprise\surprise_331.jpg,surprise
dataset\surprise\surprise_332.jpg,surprise
dataset\surprise\surprise_333.jpg,surprise
dataset\surprise\surprise_334.jpg,surprise
dataset\surprise\surprise_335.jpg,surprise
dataset\surprise\surprise_336.jpg,surprise
dataset\surprise\surprise_337.jpg,surprise
dataset\surprise\surprise_338.jpg,surprise
dataset\surprise\surprise_339.jpg,surprise
dataset\surprise\surprise_340.jpg,surprise
dataset\surprise\surprise_341.jpg,surprise
dataset\surprise\surprise_342.jpg,surprise
dataset\surprise\surprise_343.jpg,surprise
dataset\surprise\surprise_344.jpg,surprise
dataset\surprise\surprise_345.jpg,surprise
dataset\surprise\surprise_346.jpg,surprise
dataset\surprise\surprise_347.jpg,surprise
dataset\surprise\surprise_348.jpg,surprise
dataset\surprise\surprise_349.jpg,surprise
dataset\surprise\surprise_350.jpg,surprise
dataset\surprise\surprise_351.jpg,surprise
dataset\surprise\surprise_352.jpg,surprise
dataset\surprise\surprise_353.jpg,surprise
dataset\surprise\surprise_354.jpg,surprise
dataset\surprise\surprise_355.jpg,surprise
dataset\surprise\surprise_356.jpg,surprise
dataset\surprise\surprise_357.jpg,surprise
dataset\surprise\surprise_358.jpg,surprise
dataset\surprise\surprise_359.jpg,surprise
dataset\surprise\surprise_360.jpg,surprise
dataset\surprise\surprise_361.jpg,surprise
dataset\surprise\surprise_362.jpg,surprise
dataset\surprise\surprise_363.jpg,surprise
dataset\surprise\surprise_364.jpg,surprise
dataset\surprise\surprise_365.jpg,surprise
dataset\surprise\surprise_366.jpg,surprise
dataset\surprise\surprise_367.jpg,surprise
dataset\surprise\surprise_368.jpg,surprise
dataset\surprise\surprise_369.jpg,surprise
dataset\surprise\surprise_370.jpg,surprise
dataset\surprise\surprise_371.jpg,surprise
dataset\surprise\surprise_372.jpg,surprise
dataset\surprise\surprise_373.jpg,surprise
dataset\surprise\surprise_374.jpg,surprise
dataset\surprise\surprise_375.jpg,surprise
dataset\surprise\surprise_376.jpg,surprise
dataset\surprise\surprise_377.jpg,surprise
dataset\surprise\surprise_378.jpg,surprise
dataset\surprise\surprise_379.jpg,surprise
dataset\surprise\surprise_380.jpg,surprise
dataset\surprise\surprise_381.jpg,surprise
dataset\surprise\surprise_382.jpg,surprise
dataset\surprise\surprise_383.jpg,surprise
dataset\surprise\surprise_384.jpg,surprise
dataset\surprise\surprise_385.jpg,surprise
dataset\surprise\surprise_386.jpg,surprise
dataset\surprise\surprise_387.jpg,surprise
dataset\surprise\surprise_388.jpg,surprise
dataset\surprise\surprise_389.jpg,surprise
dataset\surprise\surprise_390.jpg,surprise
dataset\surprise\surprise_391.jpg,surprise
dataset\surprise\surprise_392.jpg,surprise
dataset\surprise\surprise_393.jpg,surprise
dataset\surprise\surprise_394.jpg,surprise
dataset\surprise\surprise_395.jpg,surprise
dataset\surprise\surprise_396.jpg,surprise
dataset\surprise\surprise_397.jpg,surprise
dataset\surprise\surprise_398.jpg,surprise
dataset\surprise\surprise_399.jpg,surprise
dataset\surprise\surprise_400.jpg,surprise
dataset\surprise\surprise_401.jpg,surprise
dataset\surprise\surprise_402.jpg,surprise
dataset\surprise\surprise_403.jpg,surprise
dataset\surprise\surprise_404.jpg,surprise
dataset\surprise\surprise_405.jpg,surprise
dataset\surprise\surprise_406.jpg,surprise
dataset\surprise\surprise_407.jpg,surprise
dataset\surprise\surprise_408.jpg,surprise
dataset\surprise\surprise_409.jpg,surprise
dataset\surprise\surprise_410.jpg,surprise
dataset\surprise\surprise_411.jpg,surprise
dataset\surprise\surprise_412.jpg,surprise
dataset\surprise\surprise_413.jpg,surprise
dataset\surprise\surprise_414.jpg,surprise
dataset\surprise\surprise_415.jpg,surprise
dataset\surprise\surprise_416.jpg,surprise
dataset\surprise\surprise_417.jpg,surprise
dataset\surprise\surprise_418.jpg,surprise
dataset\surprise\surprise_419.jpg,surprise
dataset\surprise\surprise_420.jpg,surprise
dataset\surprise\surprise_421.jpg,surprise
dataset\surprise\surprise_422.jpg,surprise
dataset\surprise\surprise_423.jpg,surprise
dataset\surprise\surprise_424.jpg,surprise
dataset\surprise\surprise_425.jpg,surprise
dataset\surprise\surprise_426.jpg,surprise
dataset\surprise\surprise_427.jpg,surprise
dataset\surprise\surprise_428.jpg,surprise
dataset\surprise\surprise_429.jpg,surprise
dataset\surprise\surprise_430.jpg,surprise
dataset\surprise\surprise_431.jpg,surprise
dataset\surprise\surprise_432.jpg,surprise
dataset\surprise\surprise_433.jpg,surprise
dataset\surprise\surprise_434.jpg,surprise
dataset\surprise\surprise_435.jpg,surprise
dataset\surprise\surprise_436.jpg,surprise
dataset\surprise\surprise_437.jpg,surprise
dataset\surprise\surprise_438.jpg,surprise
dataset\surprise\surprise_439.jpg,surprise
dataset\surprise\surprise_440.jpg,surprise
dataset\surprise\surprise_441.jpg,surprise
dataset\surprise\surprise_442.jpg,surprise
dataset\surprise\surprise_443.jpg,surprise
dataset\surprise\surprise_444.jpg,surprise
dataset\surprise\surprise_445.jpg,surprise
dataset\surprise\surprise_446.jpg,surprise
dataset\surprise\surprise_447.jpg,surprise
dataset\surprise\surprise_448.jpg,surprise
dataset\surprise\surprise_449.jpg,surprise
dataset\surprise\surprise_450.jpg,surprise
dataset\surprise\surprise_451.jpg,surprise
dataset\surprise\surprise_452.jpg,surprise
dataset\surprise\surprise_453.jpg,surprise
dataset\surprise\surprise_454.jpg,surprise
dataset\surprise\surprise_455.jpg,surprise
dataset\surprise\surprise_456.jpg,surprise
dataset\surprise\surprise_457.jpg,surprise
dataset\surprise\surprise_458.jpg,surprise
dataset\surprise\surprise_459.jpg,surprise
dataset\surprise\surprise_460.jpg,surprise
dataset\surprise\surprise_461.jpg,surprise
dataset\surprise\surprise_462.jpg,surprise
dataset\surprise\surprise_463.jpg,surprise
dataset\surprise\surprise_464.jpg,surprise
dataset\surprise\surprise_465.jpg,surprise
dataset\surprise\surprise_466.jpg,surprise
dataset\surprise\surprise_467.jpg,surprise
dataset\surprise\surprise_468.jpg,surprise
dataset\surprise\surprise_469.jpg,surprise
dataset\surprise\surprise_470.jpg,surprise
dataset\surprise\surprise_471.jpg,surprise
dataset\surprise\surprise_472.jpg,surprise
dataset\surprise\surprise_473.jpg,surprise
dataset\surprise\surprise_474.jpg,surprise
dataset\surprise\surprise_475.jpg,surprise
dataset\surprise\surprise_476.jpg,surprise
dataset\surprise\surprise_477.jpg,surprise
dataset\surprise\surprise_478.jpg,surprise
dataset\surprise\surprise_479.jpg,surprise
dataset\surprise\surprise_480.jpg,surprise
dataset\surprise\surprise_481.jpg,surprise
dataset\surprise\surprise_482.jpg,surprise
dataset\surprise\surprise_483.jpg,surprise
dataset\surprise\surprise_484.jpg,surprise
dataset\surprise\surprise_485.jpg,surprise
dataset\surprise\surprise_486.jpg,surprise
dataset\surprise\surprise_487.jpg,surprise
dataset\surprise\surprise_488.jpg,surprise
dataset\surprise\surprise_489.jpg,surprise
dataset\surprise\surprise_490.jpg,surprise
dataset\surprise\surprise_491.jpg,surprise
dataset\surprise\surprise_492.jpg,surprise
dataset\surprise\surprise_493.jpg,surprise
dataset\surprise\surprise_494.jpg,surprise
dataset\surprise\surprise_495.jpg,surprise
dataset\surprise\surprise_496.jpg,surprise
dataset\surprise\surprise_497.jpg,surprise
dataset\surprise\surprise_498.jpg,surprise
dataset\surprise\surprise_499.jpg,surprise
dataset\disgust\disgust_156.jpg,disgust
dataset\disgust\disgust_157.jpg,disgust
dataset\disgust\disgust_158.jpg,disgust
dataset\disgust\disgust_159.jpg,disgust
dataset\disgust\disgust_160.jpg,disgust
dataset\disgust\disgust_161.jpg,disgust
dataset\disgust\disgust_162.jpg,disgust
dataset\disgust\disgust_163.jpg,disgust
dataset\disgust\disgust_164.jpg,disgust
dataset\disgust\disgust_165.jpg,disgust
dataset\disgust\disgust_166.jpg,disgust
dataset\disgust\disgust_167.jpg,disgust
dataset\disgust\disgust_168.jpg,disgust
dataset\disgust\disgust_169.jpg,disgust
dataset\disgust\disgust_170.jpg,disgust
dataset\disgust\disgust_171.jpg,disgust
dataset\disgust\disgust_172.jpg,disgust
dataset\disgust\disgust_173.jpg,disgust
dataset\disgust\disgust_174.jpg,disgust
dataset\disgust\disgust_175.jpg,disgust
dataset\disgust\disgust_176.jpg,disgust
dataset\disgust\disgust_177.jpg,disgust
dataset\disgust\disgust_178.jpg,disgust
dataset\disgust\disgust_179.jpg,disgust
dataset\disgust\disgust_180.jpg,disgust
dataset\disgust\disgust_181.jpg,disgust
dataset\disgust\disgust_182.jpg,disgust
dataset\disgust\disgust_183.jpg,disgust
dataset\disgust\disgust_184.jpg,disgust
dataset\disgust\disgust_185.jpg,disgust
dataset\disgust\disgust_186.jpg,disgust
dataset\disgust\disgust_187.jpg,disgust
dataset\disgust\disgust_188.jpg,disgust
dataset\disgust\disgust_189.jpg,disgust
dataset\disgust\disgust_190.jpg,disgust
dataset\disgust\disgust_191.jpg,disgust
dataset\disgust\disgust_192.jpg,disgust
dataset\disgust\disgust_193.jpg,disgust
dataset\disgust\disgust_194.jpg,disgust
dataset\disgust\disgust_195.jpg,disgust
dataset\disgust\disgust_196.jpg,disgust
dataset\disgust\disgust_197.jpg,disgust
dataset\disgust\disgust_198.jpg,disgust
dataset\disgust\disgust_199.jpg,disgust
dataset\disgust\disgust_200.jpg,disgust
dataset\disgust\disgust_201.jpg,disgust
dataset\disgust\disgust_202.jpg,disgust
dataset\disgust\disgust_203.jpg,disgust
dataset\disgust\disgust_204.jpg,disgust
dataset\disgust\disgust_205.jpg,disgust
dataset\disgust\disgust_206.jpg,disgust
dataset\disgust\disgust_207.jpg,disgust
dataset\disgust\disgust_208.jpg,disgust
dataset\disgust\disgust_209.jpg,disgust
dataset\disgust\disgust_210.jpg,disgust
dataset\disgust\disgust_211.jpg,disgust
dataset\disgust\disgust_212.jpg,disgust
dataset\disgust\disgust_213.jpg,disgust
dataset\disgust\disgust_214.jpg,disgust
dataset\disgust\disgust_215.jpg,disgust
dataset\disgust\disgust_216.jpg,disgust
dataset\disgust\disgust_217.jpg,disgust
dataset\disgust\disgust_218.jpg,disgust
dataset\disgust\disgust_219.jpg,disgust
dataset\disgust\disgust_220.jpg,disgust
dataset\disgust\disgust_221.jpg,disgust
dataset\disgust\disgust_222.jpg,disgust
dataset\disgust\disgust_223.jpg,disgust
dataset\disgust\disgust_224.jpg,disgust
dataset\disgust\disgust_225.jpg,disgust
dataset\disgust\disgust_226.jpg,disgust
dataset\disgust\disgust_227.jpg,disgust
dataset\disgust\disgust_228.jpg,disgust
dataset\disgust\disgust_229.jpg,disgust
dataset\disgust\disgust_230.jpg,disgust
dataset\disgust\disgust_231.jpg,disgust
dataset\disgust\disgust_232.jpg,disgust
dataset\disgust\disgust_233.jpg,disgust
dataset\disgust\disgust_234.jpg,disgust
dataset\disgust\disgust_235.jpg,disgust
dataset\disgust\disgust_236.jpg,disgust
dataset\disgust\disgust_237.jpg,disgust
dataset\disgust\disgust_238.jpg,disgust
dataset\disgust\disgust_239.jpg,disgust
dataset\disgust\disgust_240.jpg,disgust
dataset\disgust\disgust_241.jpg,disgust
dataset\disgust\disgust_242.jpg,disgust
dataset\disgust\disgust_243.jpg,disgust
dataset\disgust\disgust_244.jpg,disgust
dataset\disgust\disgust_245.jpg,disgust
dataset\disgust\disgust_246.jpg,disgust
dataset\disgust\disgust_247.jpg,disgust
dataset\disgust\disgust_248.jpg,disgust
dataset\disgust\disgust_249.jpg,disgust
dataset\disgust\disgust_250.jpg,disgust
dataset\disgust\disgust_251.jpg,disgust
dataset\disgust\disgust_252.jpg,disgust
dataset\disgust\disgust_253.jpg,disgust
dataset\disgust\disgust_254.jpg,disgust
dataset\disgust\disgust_255.jpg,disgust
dataset\disgust\disgust_256.jpg,disgust
dataset\disgust\disgust_257.jpg,disgust
dataset\disgust\disgust_258.jpg,disgust
dataset\disgust\disgust_259.jpg,disgust
dataset\disgust\disgust_260.jpg,disgust
dataset\disgust\disgust_261.jpg,disgust
dataset\disgust\disgust_262.jpg,disgust
dataset\disgust\disgust_263.jpg,disgust
dataset\disgust\disgust_264.jpg,disgust
dataset\disgust\disgust_265.jpg,disgust
dataset\disgust\disgust_266.jpg,disgust
dataset\disgust\disgust_267.jpg,disgust
dataset\disgust\disgust_268.jpg,disgust
dataset\disgust\disgust_269.jpg,disgust
dataset\disgust\disgust_270.jpg,disgust
dataset\disgust\disgust_271.jpg,disgust
dataset\disgust\disgust_272.jpg,disgust
dataset\disgust\disgust_273.jpg,disgust
dataset\disgust\disgust_274.jpg,disgust
dataset\disgust\disgust_275.jpg,disgust
dataset\disgust\disgust_276.jpg,disgust
dataset\disgust\disgust_277.jpg,disgust
dataset\disgust\disgust_278.jpg,disgust
dataset\disgust\disgust_279.jpg,disgust
dataset\disgust\disgust_280.jpg,disgust
dataset\disgust\disgust_281.jpg,disgust
dataset\disgust\disgust_282.jpg,disgust
dataset\disgust\disgust_283.jpg,disgust
dataset\disgust\disgust_284.jpg,disgust
dataset\disgust\disgust_285.jpg,disgust
dataset\disgust\disgust_286.jpg,disgust
dataset\disgust\disgust_287.jpg,disgust
dataset\disgust\disgust_288.jpg,disgust
dataset\disgust\disgust_289.jpg,disgust
dataset\disgust\disgust_290.jpg,disgust
dataset\disgust\disgust_291.jpg,disgust
dataset\disgust\disgust_292.jpg,disgust
dataset\disgust\disgust_293.jpg,disgust
dataset\disgust\disgust_294.jpg,disgust
dataset\disgust\disgust_295.jpg,disgust
dataset\disgust\disgust_296.jpg,disgust
dataset\disgust\disgust_297.jpg,disgust
dataset\disgust\disgust_298.jpg,disgust
dataset\disgust\disgust_299.jpg,disgust
dataset\disgust\disgust_300.jpg,disgust
dataset\disgust\disgust_301.jpg,disgust
dataset\disgust\disgust_302.jpg,disgust
dataset\disgust\disgust_303.jpg,disgust
dataset\disgust\disgust_304.jpg,disgust
dataset\disgust\disgust_305.jpg,disgust
dataset\disgust\disgust_306.jpg,disgust
dataset\disgust\disgust_307.jpg,disgust
dataset\disgust\disgust_308.jpg,disgust
dataset\disgust\disgust_309.jpg,disgust
dataset\disgust\disgust_310.jpg,disgust
dataset\disgust\disgust_311.jpg,disgust
dataset\disgust\disgust_312.jpg,disgust
dataset\disgust\disgust_313.jpg,disgust
dataset\disgust\disgust_314.jpg,disgust
dataset\disgust\disgust_315.jpg,disgust
dataset\disgust\disgust_316.jpg,disgust
dataset\disgust\disgust_317.jpg,disgust
dataset\disgust\disgust_318.jpg,disgust
dataset\disgust\disgust_319.jpg,disgust
dataset\disgust\disgust_320.jpg,disgust
dataset\disgust\disgust_321.jpg,disgust
dataset\disgust\disgust_322.jpg,disgust
dataset\disgust\disgust_323.jpg,disgust
dataset\disgust\disgust_324.jpg,disgust
dataset\disgust\disgust_325.jpg,disgust
dataset\disgust\disgust_326.jpg,disgust
dataset\disgust\disgust_327.jpg,disgust
dataset\disgust\disgust_328.jpg,disgust
dataset\disgust\disgust_329.jpg,disgust
dataset\disgust\disgust_330.jpg,disgust
dataset\disgust\disgust_331.jpg,disgust
dataset\disgust\disgust_332.jpg,disgust
dataset\disgust\disgust_333.jpg,disgust
dataset\disgust\disgust_334.jpg,disgust
dataset\disgust\disgust_335.jpg,disgust
dataset\disgust\disgust_336.jpg,disgust
dataset\disgust\disgust_337.jpg,disgust
dataset\disgust\disgust_338.jpg,disgust
dataset\disgust\disgust_339.jpg,disgust
dataset\disgust\disgust_340.jpg,disgust
dataset\disgust\disgust_341.jpg,disgust
dataset\disgust\disgust_342.jpg,disgust
dataset\disgust\disgust_343.jpg,disgust
dataset\disgust\disgust_344.jpg,disgust
dataset\disgust\disgust_345.jpg,disgust
dataset\disgust\disgust_346.jpg,disgust
dataset\disgust\disgust_347.jpg,disgust
dataset\disgust\disgust_348.jpg,disgust
dataset\disgust\disgust_349.jpg,disgust
dataset\disgust\disgust_350.jpg,disgust
dataset\disgust\disgust_351.jpg,disgust
dataset\disgust\disgust_352.jpg,disgust
dataset\disgust\disgust_353.jpg,disgust
dataset\disgust\disgust_354.jpg,disgust
dataset\disgust\disgust_355.jpg,disgust
dataset\disgust\disgust_356.jpg,disgust
dataset\disgust\disgust_357.jpg,disgust
dataset\disgust\disgust_358.jpg,disgust
dataset\disgust\disgust_359.jpg,disgust
dataset\disgust\disgust_360.jpg,disgust
dataset\disgust\disgust_361.jpg,disgust
dataset\disgust\disgust_362.jpg,disgust
dataset\disgust\disgust_363.jpg,disgust
dataset\disgust\disgust_364.jpg,disgust
dataset\disgust\disgust_365.jpg,disgust
dataset\disgust\disgust_366.jpg,disgust
dataset\disgust\disgust_367.jpg,disgust
dataset\disgust\disgust_368.jpg,disgust
dataset\disgust\disgust_369.jpg,disgust
dataset\disgust\disgust_370.jpg,disgust
dataset\disgust\disgust_371.jpg,disgust
dataset\disgust\disgust_372.jpg,disgust
dataset\disgust\disgust_373.jpg,disgust
dataset\disgust\disgust_374.jpg,disgust
dataset\disgust\disgust_375.jpg,disgust
dataset\disgust\disgust_376.jpg,disgust
dataset\disgust\disgust_377.jpg,disgust
dataset\disgust\disgust_378.jpg,disgust
dataset\disgust\disgust_379.jpg,disgust
dataset\disgust\disgust_380.jpg,disgust
dataset\disgust\disgust_381.jpg,disgust
dataset\disgust\disgust_382.jpg,disgust
dataset\disgust\disgust_383.jpg,disgust
dataset\disgust\disgust_384.jpg,disgust
dataset\disgust\disgust_385.jpg,disgust
dataset\disgust\disgust_386.jpg,disgust
dataset\disgust\disgust_387.jpg,disgust
dataset\disgust\disgust_388.jpg,disgust
dataset\disgust\disgust_389.jpg,disgust
dataset\disgust\disgust_390.jpg,disgust
dataset\disgust\disgust_391.jpg,disgust
dataset\disgust\disgust_392.jpg,disgust
dataset\disgust\disgust_393.jpg,disgust
dataset\disgust\disgust_394.jpg,disgust
dataset\disgust\disgust_395.jpg,disgust
dataset\disgust\disgust_396.jpg,disgust
dataset\disgust\disgust_397.jpg,disgust
dataset\disgust\disgust_398.jpg,disgust
dataset\disgust\disgust_399.jpg,disgust
dataset\disgust\disgust_400.jpg,disgust
dataset\disgust\disgust_401.jpg,disgust
dataset\disgust\disgust_402.jpg,disgust
dataset\disgust\disgust_403.jpg,disgust
dataset\disgust\disgust_404.jpg,disgust
dataset\disgust\disgust_405.jpg,disgust
dataset\disgust\disgust_406.jpg,disgust
dataset\disgust\disgust_407.jpg,disgust
dataset\disgust\disgust_408.jpg,disgust
dataset\disgust\disgust_409.jpg,disgust
dataset\disgust\disgust_410.jpg,disgust
dataset\disgust\disgust_411.jpg,disgust
dataset\disgust\disgust_412.jpg,disgust
dataset\disgust\disgust_413.jpg,disgust
dataset\disgust\disgust_414.jpg,disgust
dataset\disgust\disgust_415.jpg,disgust
dataset\disgust\disgust_416.jpg,disgust
dataset\disgust\disgust_417.jpg,disgust
dataset\disgust\disgust_418.jpg,disgust
dataset\disgust\disgust_419.jpg,disgust
dataset\disgust\disgust_420.jpg,disgust
dataset\disgust\disgust_421.jpg,disgust
dataset\disgust\disgust_422.jpg,disgust
dataset\disgust\disgust_423.jpg,disgust
dataset\disgust\disgust_424.jpg,disgust
dataset\disgust\disgust_425.jpg,disgust
dataset\disgust\disgust_426.jpg,disgust
dataset\disgust\disgust_427.jpg,disgust
dataset\disgust\disgust_428.jpg,disgust
dataset\disgust\disgust_429.jpg,disgust
dataset\disgust\disgust_430.jpg,disgust
dataset\disgust\disgust_431.jpg,disgust
dataset\disgust\disgust_432.jpg,disgust
dataset\disgust\disgust_433.jpg,disgust
dataset\disgust\disgust_434.jpg,disgust
dataset\disgust\disgust_435.jpg,disgust
dataset\disgust\disgust_436.jpg,disgust
dataset\disgust\disgust_437.jpg,disgust
dataset\disgust\disgust_438.jpg,disgust
dataset\disgust\disgust_439.jpg,disgust
dataset\disgust\disgust_440.jpg,disgust
dataset\disgust\disgust_441.jpg,disgust
dataset\disgust\disgust_442.jpg,disgust
dataset\disgust\disgust_443.jpg,disgust
dataset\disgust\disgust_444.jpg,disgust
dataset\disgust\disgust_445.jpg,disgust
dataset\disgust\disgust_446.jpg,disgust
dataset\disgust\disgust_447.jpg,disgust
dataset\disgust\disgust_448.jpg,disgust
dataset\disgust\disgust_449.jpg,disgust
dataset\disgust\disgust_450.jpg,disgust
dataset\disgust\disgust_451.jpg,disgust
dataset\disgust\disgust_452.jpg,disgust
dataset\disgust\disgust_453.jpg,disgust
dataset\disgust\disgust_454.jpg,disgust
dataset\disgust\disgust_455.jpg,disgust
dataset\disgust\disgust_456.jpg,disgust
dataset\disgust\disgust_457.jpg,disgust
dataset\disgust\disgust_458.jpg,disgust
dataset\disgust\disgust_459.jpg,disgust
dataset\disgust\disgust_460.jpg,disgust
dataset\disgust\disgust_461.jpg,disgust
dataset\disgust\disgust_462.jpg,disgust
dataset\disgust\disgust_463.jpg,disgust
dataset\disgust\disgust_464.jpg,disgust
dataset\disgust\disgust_465.jpg,disgust
dataset\disgust\disgust_466.jpg,disgust
dataset\disgust\disgust_467.jpg,disgust
dataset\disgust\disgust_468.jpg,disgust
dataset\disgust\disgust_469.jpg,disgust
dataset\disgust\disgust_470.jpg,disgust
dataset\disgust\disgust_471.jpg,disgust
dataset\disgust\disgust_472.jpg,disgust
dataset\disgust\disgust_473.jpg,disgust
dataset\disgust\disgust_474.jpg,disgust
dataset\disgust\disgust_475.jpg,disgust
dataset\disgust\disgust_476.jpg,disgust
dataset\disgust\disgust_477.jpg,disgust
dataset\disgust\disgust_478.jpg,disgust
dataset\disgust\disgust_479.jpg,disgust
dataset\disgust\disgust_480.jpg,disgust
dataset\disgust\disgust_481.jpg,disgust
dataset\disgust\disgust_482.jpg,disgust
dataset\disgust\disgust_483.jpg,disgust
dataset\disgust\disgust_484.jpg,disgust
dataset\disgust\disgust_485.jpg,disgust
dataset\disgust\disgust_486.jpg,disgust
dataset\disgust\disgust_487.jpg,disgust
dataset\disgust\disgust_488.jpg,disgust
dataset\disgust\disgust_489.jpg,disgust
dataset\disgust\disgust_490.jpg,disgust
dataset\disgust\disgust_491.jpg,disgust
dataset\disgust\disgust_492.jpg,disgust
dataset\disgust\disgust_493.jpg,disgust
dataset\disgust\disgust_494.jpg,disgust
dataset\disgust\disgust_495.jpg,disgust
dataset\disgust\disgust_496.jpg,disgust
dataset\disgust\disgust_497.jpg,disgust
dataset\disgust\disgust_498.jpg,disgust
dataset\disgust\disgust_499.jpg,disgust
dataset\neutral\neutral_0.jpg,neutral
dataset\sad\sad_0.jpg,sad
dataset\neutral\neutral_1.jpg,neutral
dataset\fear\fear_0.jpg,fear
dataset\fear\fear_1.jpg,fear
dataset\fear\fear_2.jpg,fear
dataset\neutral\neutral_2.jpg,neutral
dataset\neutral\neutral_3.jpg,neutral
dataset\neutral\neutral_4.jpg,neutral
dataset\neutral\neutral_5.jpg,neutral
dataset\neutral\neutral_6.jpg,neutral
dataset\neutral\neutral_7.jpg,neutral
dataset\neutral\neutral_8.jpg,neutral
dataset\neutral\neutral_9.jpg,neutral
dataset\fear\fear_3.jpg,fear
dataset\neutral\neutral_10.jpg,neutral
dataset\neutral\neutral_11.jpg,neutral
dataset\fear\fear_4.jpg,fear
dataset\fear\fear_5.jpg,fear
dataset\fear\fear_6.jpg,fear
dataset\sad\sad_1.jpg,sad
dataset\happy\happy_0.jpg,happy
dataset\happy\happy_1.jpg,happy
dataset\happy\happy_2.jpg,happy
dataset\happy\happy_3.jpg,happy
dataset\happy\happy_4.jpg,happy
dataset\happy\happy_5.jpg,happy
dataset\happy\happy_6.jpg,happy
dataset\happy\happy_7.jpg,happy
dataset\happy\happy_8.jpg,happy
dataset\happy\happy_9.jpg,happy
dataset\happy\happy_10.jpg,happy
dataset\happy\happy_11.jpg,happy
dataset\happy\happy_12.jpg,happy
dataset\happy\happy_13.jpg,happy
dataset\neutral\neutral_0.jpg,neutral
dataset\neutral\neutral_1.jpg,neutral
dataset\happy\happy_14.jpg,happy
dataset\happy\happy_15.jpg,happy
dataset\happy\happy_16.jpg,happy
dataset\happy\happy_17.jpg,happy
dataset\happy\happy_18.jpg,happy
dataset\happy\happy_19.jpg,happy
dataset\happy\happy_20.jpg,happy
dataset\happy\happy_21.jpg,happy
dataset\sad\sad_0.jpg,sad
dataset\happy\happy_22.jpg,happy
dataset\happy\happy_23.jpg,happy
dataset\happy\happy_24.jpg,happy
dataset\happy\happy_25.jpg,happy
dataset\happy\happy_26.jpg,happy
dataset\neutral\neutral_2.jpg,neutral
dataset\angry\angry_0.jpg,angry
dataset\happy\happy_27.jpg,happy
dataset\happy\happy_28.jpg,happy
dataset\happy\happy_29.jpg,happy
dataset\neutral\neutral_3.jpg,neutral
dataset\neutral\neutral_4.jpg,neutral
dataset\neutral\neutral_5.jpg,neutral
dataset\neutral\neutral_6.jpg,neutral
dataset\neutral\neutral_7.jpg,neutral
dataset\neutral\neutral_8.jpg,neutral
dataset\neutral\neutral_9.jpg,neutral
dataset\happy\happy_30.jpg,happy
dataset\happy\happy_31.jpg,happy
dataset\happy\happy_32.jpg,happy
dataset\neutral\neutral_10.jpg,neutral
dataset\neutral\neutral_11.jpg,neutral
dataset\neutral\neutral_12.jpg,neutral
dataset\happy\happy_33.jpg,happy
dataset\happy\happy_34.jpg,happy
dataset\happy\happy_35.jpg,happy
dataset\happy\happy_36.jpg,happy
dataset\happy\happy_37.jpg,happy
dataset\neutral\neutral_13.jpg,neutral
dataset\neutral\neutral_14.jpg,neutral
dataset\neutral\neutral_15.jpg,neutral
dataset\neutral\neutral_16.jpg,neutral
dataset\neutral\neutral_17.jpg,neutral
dataset\neutral\neutral_18.jpg,neutral
dataset\neutral\neutral_19.jpg,neutral
dataset\neutral\neutral_20.jpg,neutral
dataset\neutral\neutral_21.jpg,neutral
dataset\neutral\neutral_22.jpg,neutral
dataset\neutral\neutral_23.jpg,neutral
dataset\neutral\neutral_24.jpg,neutral
dataset\happy\happy_38.jpg,happy
dataset\neutral\neutral_25.jpg,neutral
dataset\neutral\neutral_26.jpg,neutral
dataset\happy\happy_39.jpg,happy
dataset\neutral\neutral_27.jpg,neutral
dataset\neutral\neutral_28.jpg,neutral
dataset\neutral\neutral_29.jpg,neutral
dataset\happy\happy_40.jpg,happy
dataset\happy\happy_41.jpg,happy
dataset\neutral\neutral_30.jpg,neutral
dataset\neutral\neutral_31.jpg,neutral
dataset\neutral\neutral_32.jpg,neutral
dataset\neutral\neutral_33.jpg,neutral
dataset\happy\happy_42.jpg,happy
dataset\neutral\neutral_34.jpg,neutral
dataset\happy\happy_43.jpg,happy
dataset\neutral\neutral_35.jpg,neutral
dataset\neutral\neutral_36.jpg,neutral
dataset\neutral\neutral_37.jpg,neutral
dataset\happy\happy_44.jpg,happy
dataset\neutral\neutral_38.jpg,neutral
dataset\neutral\neutral_39.jpg,neutral
dataset\happy\happy_45.jpg,happy
dataset\neutral\neutral_40.jpg,neutral
dataset\neutral\neutral_41.jpg,neutral
dataset\happy\happy_46.jpg,happy
dataset\happy\happy_47.jpg,happy
dataset\happy\happy_48.jpg,happy
dataset\happy\happy_49.jpg,happy
dataset\happy\happy_50.jpg,happy
dataset\neutral\neutral_42.jpg,neutral
dataset\neutral\neutral_43.jpg,neutral
dataset\neutral\neutral_44.jpg,neutral
dataset\neutral\neutral_45.jpg,neutral
dataset\happy\happy_51.jpg,happy
dataset\happy\happy_52.jpg,happy
dataset\happy\happy_53.jpg,happy
dataset\neutral\neutral_46.jpg,neutral
dataset\happy\happy_54.jpg,happy
dataset\happy\happy_55.jpg,happy
dataset\happy\happy_56.jpg,happy
dataset\happy\happy_57.jpg,happy
dataset\happy\happy_58.jpg,happy
dataset\happy\happy_59.jpg,happy
dataset\happy\happy_60.jpg,happy
dataset\happy\happy_61.jpg,happy
dataset\happy\happy_62.jpg,happy
dataset\happy\happy_63.jpg,happy
dataset\happy\happy_64.jpg,happy
dataset\happy\happy_65.jpg,happy
dataset\happy\happy_66.jpg,happy
dataset\happy\happy_67.jpg,happy
dataset\happy\happy_68.jpg,happy
dataset\happy\happy_69.jpg,happy
dataset\neutral\neutral_47.jpg,neutral
dataset\happy\happy_70.jpg,happy
dataset\happy\happy_71.jpg,happy
dataset\happy\happy_72.jpg,happy
dataset\happy\happy_73.jpg,happy
dataset\happy\happy_74.jpg,happy
dataset\happy\happy_75.jpg,happy
dataset\happy\happy_76.jpg,happy
dataset\happy\happy_77.jpg,happy
dataset\sad\sad_1.jpg,sad
dataset\sad\sad_2.jpg,sad
dataset\happy\happy_78.jpg,happy
dataset\happy\happy_79.jpg,happy
dataset\happy\happy_80.jpg,happy
dataset\happy\happy_81.jpg,happy
dataset\neutral\neutral_48.jpg,neutral
dataset\happy\happy_82.jpg,happy
dataset\happy\happy_83.jpg,happy
dataset\happy\happy_84.jpg,happy
dataset\happy\happy_85.jpg,happy
dataset\happy\happy_86.jpg,happy
dataset\happy\happy_87.jpg,happy
dataset\sad\sad_3.jpg,sad
dataset\neutral\neutral_49.jpg,neutral
dataset\happy\happy_88.jpg,happy
dataset\happy\happy_89.jpg,happy
dataset\happy\happy_90.jpg,happy
dataset\happy\happy_91.jpg,happy
dataset\sad\sad_4.jpg,sad
dataset\happy\happy_92.jpg,happy
dataset\happy\happy_93.jpg,happy
dataset\happy\happy_94.jpg,happy
dataset\neutral\neutral_50.jpg,neutral
dataset\angry\angry_1.jpg,angry
dataset\neutral\neutral_51.jpg,neutral
dataset\sad\sad_5.jpg,sad
dataset\surprise\surprise_0.jpg,surprise
dataset\sad\sad_6.jpg,sad
dataset\happy\happy_95.jpg,happy
dataset\neutral\neutral_52.jpg,neutral
dataset\sad\sad_7.jpg,sad
dataset\sad\sad_8.jpg,sad
dataset\sad\sad_9.jpg,sad
dataset\sad\sad_10.jpg,sad
dataset\neutral\neutral_53.jpg,neutral
dataset\neutral\neutral_54.jpg,neutral
dataset\sad\sad_11.jpg,sad
dataset\sad\sad_12.jpg,sad
dataset\sad\sad_13.jpg,sad
dataset\neutral\neutral_55.jpg,neutral
dataset\neutral\neutral_56.jpg,neutral
dataset\fear\fear_0.jpg,fear
dataset\sad\sad_14.jpg,sad
dataset\neutral\neutral_57.jpg,neutral
dataset\neutral\neutral_58.jpg,neutral
dataset\neutral\neutral_59.jpg,neutral
dataset\fear\fear_1.jpg,fear
dataset\sad\sad_15.jpg,sad
dataset\neutral\neutral_60.jpg,neutral
dataset\fear\fear_2.jpg,fear
dataset\neutral\neutral_61.jpg,neutral
dataset\sad\sad_16.jpg,sad
dataset\neutral\neutral_62.jpg,neutral
dataset\neutral\neutral_63.jpg,neutral
dataset\neutral\neutral_64.jpg,neutral
dataset\neutral\neutral_65.jpg,neutral
dataset\neutral\neutral_66.jpg,neutral
dataset\fear\fear_3.jpg,fear
dataset\sad\sad_17.jpg,sad
dataset\neutral\neutral_67.jpg,neutral
dataset\neutral\neutral_68.jpg,neutral
dataset\fear\fear_4.jpg,fear
dataset\neutral\neutral_69.jpg,neutral
dataset\sad\sad_18.jpg,sad
dataset\neutral\neutral_70.jpg,neutral
dataset\sad\sad_19.jpg,sad
dataset\neutral\neutral_71.jpg,neutral
dataset\happy\happy_96.jpg,happy
dataset\neutral\neutral_72.jpg,neutral
dataset\neutral\neutral_73.jpg,neutral
dataset\neutral\neutral_74.jpg,neutral
dataset\sad\sad_20.jpg,sad
dataset\neutral\neutral_75.jpg,neutral
dataset\fear\fear_5.jpg,fear
dataset\neutral\neutral_76.jpg,neutral
dataset\sad\sad_21.jpg,sad
dataset\neutral\neutral_77.jpg,neutral
dataset\neutral\neutral_78.jpg,neutral
dataset\neutral\neutral_79.jpg,neutral
dataset\neutral\neutral_80.jpg,neutral
dataset\neutral\neutral_81.jpg,neutral
dataset\sad\sad_22.jpg,sad
dataset\neutral\neutral_82.jpg,neutral
dataset\neutral\neutral_83.jpg,neutral
dataset\sad\sad_23.jpg,sad
dataset\sad\sad_24.jpg,sad
dataset\neutral\neutral_84.jpg,neutral
dataset\sad\sad_25.jpg,sad
dataset\neutral\neutral_85.jpg,neutral
dataset\sad\sad_26.jpg,sad
dataset\neutral\neutral_86.jpg,neutral
dataset\fear\fear_6.jpg,fear
dataset\fear\fear_7.jpg,fear
dataset\fear\fear_8.jpg,fear
dataset\sad\sad_27.jpg,sad
dataset\fear\fear_9.jpg,fear
dataset\sad\sad_28.jpg,sad
dataset\fear\fear_10.jpg,fear
dataset\fear\fear_11.jpg,fear
dataset\neutral\neutral_87.jpg,neutral
dataset\fear\fear_12.jpg,fear
dataset\sad\sad_29.jpg,sad
dataset\sad\sad_30.jpg,sad
dataset\sad\sad_31.jpg,sad
dataset\fear\fear_13.jpg,fear
dataset\sad\sad_32.jpg,sad
dataset\neutral\neutral_88.jpg,neutral
dataset\sad\sad_33.jpg,sad
dataset\neutral\neutral_89.jpg,neutral
dataset\sad\sad_34.jpg,sad
dataset\neutral\neutral_90.jpg,neutral
dataset\sad\sad_35.jpg,sad
dataset\neutral\neutral_91.jpg,neutral
dataset\sad\sad_36.jpg,sad
dataset\neutral\neutral_92.jpg,neutral
dataset\fear\fear_14.jpg,fear
dataset\sad\sad_37.jpg,sad
dataset\sad\sad_38.jpg,sad
dataset\neutral\neutral_93.jpg,neutral
dataset\sad\sad_39.jpg,sad
dataset\neutral\neutral_94.jpg,neutral
dataset\sad\sad_40.jpg,sad
dataset\happy\happy_97.jpg,happy
dataset\sad\sad_41.jpg,sad
dataset\neutral\neutral_95.jpg,neutral
dataset\sad\sad_42.jpg,sad
dataset\happy\happy_98.jpg,happy
dataset\neutral\neutral_96.jpg,neutral
dataset\fear\fear_15.jpg,fear
dataset\happy\happy_99.jpg,happy
dataset\neutral\neutral_97.jpg,neutral
dataset\happy\happy_100.jpg,happy
dataset\neutral\neutral_98.jpg,neutral
dataset\fear\fear_16.jpg,fear
dataset\happy\happy_101.jpg,happy
dataset\neutral\neutral_99.jpg,neutral
dataset\happy\happy_102.jpg,happy
dataset\sad\sad_43.jpg,sad
dataset\neutral\neutral_100.jpg,neutral
dataset\sad\sad_44.jpg,sad
dataset\sad\sad_45.jpg,sad
dataset\sad\sad_46.jpg,sad
dataset\sad\sad_47.jpg,sad
dataset\sad\sad_48.jpg,sad
dataset\sad\sad_49.jpg,sad
dataset\sad\sad_50.jpg,sad
dataset\sad\sad_51.jpg,sad
dataset\neutral\neutral_101.jpg,neutral
dataset\sad\sad_52.jpg,sad
dataset\sad\sad_53.jpg,sad
dataset\sad\sad_54.jpg,sad
dataset\sad\sad_55.jpg,sad
dataset\sad\sad_56.jpg,sad
dataset\sad\sad_57.jpg,sad
dataset\sad\sad_58.jpg,sad
dataset\sad\sad_59.jpg,sad
dataset\sad\sad_60.jpg,sad
dataset\sad\sad_61.jpg,sad
dataset\sad\sad_62.jpg,sad
dataset\sad\sad_63.jpg,sad
dataset\sad\sad_64.jpg,sad
dataset\sad\sad_65.jpg,sad
dataset\sad\sad_66.jpg,sad
dataset\neutral\neutral_102.jpg,neutral
dataset\sad\sad_67.jpg,sad
dataset\sad\sad_68.jpg,sad
dataset\sad\sad_69.jpg,sad
dataset\sad\sad_70.jpg,sad
dataset\neutral\neutral_103.jpg,neutral
dataset\sad\sad_71.jpg,sad
dataset\neutral\neutral_104.jpg,neutral
dataset\neutral\neutral_105.jpg,neutral
dataset\neutral\neutral_106.jpg,neutral
dataset\neutral\neutral_107.jpg,neutral
dataset\neutral\neutral_108.jpg,neutral
dataset\neutral\neutral_109.jpg,neutral
dataset\neutral\neutral_110.jpg,neutral
dataset\sad\sad_72.jpg,sad
dataset\neutral\neutral_111.jpg,neutral
dataset\sad\sad_73.jpg,sad
dataset\neutral\neutral_112.jpg,neutral
dataset\sad\sad_74.jpg,sad
dataset\neutral\neutral_113.jpg,neutral
dataset\sad\sad_75.jpg,sad
dataset\neutral\neutral_114.jpg,neutral
dataset\sad\sad_76.jpg,sad
dataset\sad\sad_77.jpg,sad
dataset\neutral\neutral_115.jpg,neutral
dataset\neutral\neutral_116.jpg,neutral
dataset\neutral\neutral_117.jpg,neutral
dataset\neutral\neutral_118.jpg,neutral
dataset\neutral\neutral_119.jpg,neutral
dataset\neutral\neutral_120.jpg,neutral
dataset\neutral\neutral_121.jpg,neutral
dataset\neutral\neutral_122.jpg,neutral
dataset\neutral\neutral_123.jpg,neutral
dataset\neutral\neutral_124.jpg,neutral
dataset\neutral\neutral_125.jpg,neutral
dataset\neutral\neutral_126.jpg,neutral
dataset\neutral\neutral_127.jpg,neutral
dataset\neutral\neutral_128.jpg,neutral
dataset\neutral\neutral_129.jpg,neutral
dataset\neutral\neutral_130.jpg,neutral
dataset\neutral\neutral_131.jpg,neutral
dataset\neutral\neutral_132.jpg,neutral
dataset\fear\fear_17.jpg,fear
dataset\fear\fear_18.jpg,fear
dataset\fear\fear_19.jpg,fear
dataset\sad\sad_78.jpg,sad
dataset\sad\sad_79.jpg,sad
dataset\sad\sad_80.jpg,sad
dataset\angry\angry_2.jpg,angry
dataset\sad\sad_81.jpg,sad
dataset\fear\fear_20.jpg,fear
dataset\sad\sad_82.jpg,sad
dataset\sad\sad_83.jpg,sad
dataset\sad\sad_84.jpg,sad
dataset\happy\happy_103.jpg,happy
dataset\sad\sad_85.jpg,sad
dataset\happy\happy_104.jpg,happy
dataset\happy\happy_105.jpg,happy
dataset\happy\happy_106.jpg,happy
dataset\happy\happy_107.jpg,happy
dataset\happy\happy_108.jpg,happy
dataset\happy\happy_109.jpg,happy
dataset\happy\happy_110.jpg,happy
dataset\neutral\neutral_133.jpg,neutral
dataset\happy\happy_111.jpg,happy
dataset\neutral\neutral_134.jpg,neutral
dataset\happy\happy_112.jpg,happy
dataset\sad\sad_86.jpg,sad
dataset\sad\sad_87.jpg,sad
dataset\happy\happy_113.jpg,happy
dataset\happy\happy_114.jpg,happy
dataset\happy\happy_115.jpg,happy
dataset\happy\happy_116.jpg,happy
dataset\happy\happy_117.jpg,happy
dataset\happy\happy_118.jpg,happy
dataset\happy\happy_119.jpg,happy
dataset\happy\happy_120.jpg,happy
dataset\happy\happy_121.jpg,happy
dataset\happy\happy_122.jpg,happy
dataset\angry\angry_3.jpg,angry
dataset\happy\happy_123.jpg,happy
dataset\happy\happy_124.jpg,happy
dataset\happy\happy_125.jpg,happy
dataset\happy\happy_126.jpg,happy
dataset\happy\happy_127.jpg,happy
dataset\happy\happy_128.jpg,happy
dataset\happy\happy_129.jpg,happy
dataset\happy\happy_130.jpg,happy
dataset\neutral\neutral_135.jpg,neutral
dataset\happy\happy_131.jpg,happy
dataset\neutral\neutral_136.jpg,neutral
dataset\angry\angry_4.jpg,angry
dataset\neutral\neutral_137.jpg,neutral
dataset\neutral\neutral_138.jpg,neutral
dataset\sad\sad_88.jpg,sad
dataset\angry\angry_5.jpg,angry
dataset\sad\sad_89.jpg,sad
dataset\happy\happy_132.jpg,happy
dataset\sad\sad_90.jpg,sad
dataset\happy\happy_133.jpg,happy
dataset\sad\sad_91.jpg,sad
dataset\neutral\neutral_139.jpg,neutral
dataset\sad\sad_92.jpg,sad
dataset\neutral\neutral_140.jpg,neutral
dataset\neutral\neutral_141.jpg,neutral
dataset\neutral\neutral_142.jpg,neutral
dataset\happy\happy_134.jpg,happy
dataset\happy\happy_135.jpg,happy
dataset\angry\angry_6.jpg,angry
dataset\happy\happy_136.jpg,happy
dataset\happy\happy_137.jpg,happy
dataset\sad\sad_93.jpg,sad
dataset\happy\happy_138.jpg,happy
dataset\neutral\neutral_143.jpg,neutral
dataset\angry\angry_7.jpg,angry
dataset\neutral\neutral_144.jpg,neutral
dataset\fear\fear_21.jpg,fear
dataset\sad\sad_94.jpg,sad
dataset\neutral\neutral_145.jpg,neutral
dataset\sad\sad_95.jpg,sad
dataset\neutral\neutral_146.jpg,neutral
dataset\sad\sad_96.jpg,sad
dataset\neutral\neutral_147.jpg,neutral
dataset\neutral\neutral_148.jpg,neutral
dataset\sad\sad_97.jpg,sad
dataset\neutral\neutral_149.jpg,neutral
dataset\neutral\neutral_150.jpg,neutral
dataset\sad\sad_98.jpg,sad
dataset\sad\sad_99.jpg,sad
dataset\sad\sad_100.jpg,sad
dataset\sad\sad_101.jpg,sad
dataset\sad\sad_102.jpg,sad
dataset\sad\sad_103.jpg,sad
dataset\sad\sad_104.jpg,sad
dataset\sad\sad_105.jpg,sad
dataset\sad\sad_106.jpg,sad
dataset\sad\sad_107.jpg,sad
dataset\sad\sad_108.jpg,sad
dataset\sad\sad_109.jpg,sad
dataset\sad\sad_110.jpg,sad
dataset\sad\sad_111.jpg,sad
dataset\sad\sad_112.jpg,sad
dataset\neutral\neutral_151.jpg,neutral
dataset\sad\sad_113.jpg,sad
dataset\sad\sad_114.jpg,sad
dataset\sad\sad_115.jpg,sad
dataset\sad\sad_116.jpg,sad
dataset\sad\sad_117.jpg,sad
dataset\neutral\neutral_152.jpg,neutral
dataset\sad\sad_118.jpg,sad
dataset\neutral\neutral_153.jpg,neutral
dataset\sad\sad_119.jpg,sad
dataset\neutral\neutral_154.jpg,neutral
dataset\neutral\neutral_155.jpg,neutral
dataset\sad\sad_120.jpg,sad
dataset\neutral\neutral_156.jpg,neutral
dataset\neutral\neutral_157.jpg,neutral
dataset\neutral\neutral_158.jpg,neutral
dataset\sad\sad_121.jpg,sad
dataset\neutral\neutral_159.jpg,neutral
dataset\neutral\neutral_160.jpg,neutral
dataset\sad\sad_122.jpg,sad
dataset\neutral\neutral_161.jpg,neutral
dataset\sad\sad_123.jpg,sad
dataset\happy\happy_139.jpg,happy
dataset\neutral\neutral_162.jpg,neutral
dataset\sad\sad_124.jpg,sad
dataset\neutral\neutral_163.jpg,neutral
dataset\fear\fear_22.jpg,fear
dataset\sad\sad_125.jpg,sad
dataset\sad\sad_126.jpg,sad
dataset\sad\sad_127.jpg,sad
dataset\sad\sad_128.jpg,sad
dataset\sad\sad_129.jpg,sad
dataset\sad\sad_130.jpg,sad
dataset\neutral\neutral_164.jpg,neutral
dataset\neutral\neutral_165.jpg,neutral
dataset\neutral\neutral_166.jpg,neutral
dataset\neutral\neutral_167.jpg,neutral
dataset\neutral\neutral_168.jpg,neutral
dataset\neutral\neutral_169.jpg,neutral
dataset\neutral\neutral_170.jpg,neutral
dataset\neutral\neutral_171.jpg,neutral
dataset\neutral\neutral_172.jpg,neutral
dataset\neutral\neutral_173.jpg,neutral
dataset\neutral\neutral_174.jpg,neutral
dataset\neutral\neutral_175.jpg,neutral
dataset\fear\fear_23.jpg,fear
dataset\neutral\neutral_176.jpg,neutral
dataset\neutral\neutral_177.jpg,neutral
dataset\angry\angry_8.jpg,angry
dataset\angry\angry_9.jpg,angry
dataset\angry\angry_10.jpg,angry
dataset\neutral\neutral_178.jpg,neutral
dataset\fear\fear_24.jpg,fear
dataset\neutral\neutral_179.jpg,neutral
dataset\neutral\neutral_180.jpg,neutral
dataset\sad\sad_131.jpg,sad
dataset\sad\sad_132.jpg,sad
dataset\neutral\neutral_181.jpg,neutral
dataset\neutral\neutral_182.jpg,neutral
dataset\angry\angry_11.jpg,angry
dataset\neutral\neutral_183.jpg,neutral
dataset\sad\sad_133.jpg,sad
dataset\sad\sad_134.jpg,sad
dataset\happy\happy_140.jpg,happy
dataset\happy\happy_141.jpg,happy
dataset\happy\happy_142.jpg,happy
dataset\sad\sad_135.jpg,sad
dataset\sad\sad_136.jpg,sad
dataset\sad\sad_137.jpg,sad
dataset\sad\sad_138.jpg,sad
dataset\sad\sad_139.jpg,sad
dataset\sad\sad_140.jpg,sad
dataset\angry\angry_12.jpg,angry
dataset\happy\happy_143.jpg,happy
dataset\neutral\neutral_184.jpg,neutral
dataset\neutral\neutral_185.jpg,neutral
dataset\sad\sad_141.jpg,sad
dataset\angry\angry_13.jpg,angry
dataset\sad\sad_142.jpg,sad
dataset\neutral\neutral_186.jpg,neutral
dataset\happy\happy_144.jpg,happy
dataset\fear\fear_25.jpg,fear
dataset\neutral\neutral_187.jpg,neutral
dataset\neutral\neutral_188.jpg,neutral
dataset\sad\sad_143.jpg,sad
dataset\happy\happy_145.jpg,happy
dataset\neutral\neutral_189.jpg,neutral
dataset\neutral\neutral_190.jpg,neutral
dataset\happy\happy_146.jpg,happy
dataset\neutral\neutral_191.jpg,neutral
dataset\happy\happy_147.jpg,happy
dataset\angry\angry_14.jpg,angry
dataset\neutral\neutral_192.jpg,neutral
dataset\angry\angry_15.jpg,angry
dataset\neutral\neutral_193.jpg,neutral
dataset\sad\sad_144.jpg,sad
dataset\sad\sad_145.jpg,sad
dataset\sad\sad_146.jpg,sad
dataset\sad\sad_147.jpg,sad
dataset\fear\fear_26.jpg,fear
dataset\sad\sad_148.jpg,sad
dataset\neutral\neutral_194.jpg,neutral
dataset\sad\sad_149.jpg,sad
dataset\sad\sad_150.jpg,sad
dataset\sad\sad_151.jpg,sad
dataset\sad\sad_152.jpg,sad
dataset\sad\sad_153.jpg,sad
dataset\happy\happy_148.jpg,happy
dataset\neutral\neutral_195.jpg,neutral
dataset\neutral\neutral_196.jpg,neutral
dataset\neutral\neutral_197.jpg,neutral
dataset\neutral\neutral_198.jpg,neutral
dataset\neutral\neutral_199.jpg,neutral
dataset\neutral\neutral_200.jpg,neutral
dataset\happy\happy_149.jpg,happy
dataset\neutral\neutral_201.jpg,neutral
dataset\neutral\neutral_202.jpg,neutral
dataset\neutral\neutral_203.jpg,neutral
dataset\happy\happy_150.jpg,happy
dataset\neutral\neutral_204.jpg,neutral
dataset\neutral\neutral_205.jpg,neutral
dataset\neutral\neutral_206.jpg,neutral
dataset\happy\happy_151.jpg,happy
dataset\neutral\neutral_207.jpg,neutral
dataset\neutral\neutral_208.jpg,neutral
dataset\neutral\neutral_209.jpg,neutral
dataset\neutral\neutral_210.jpg,neutral
dataset\neutral\neutral_211.jpg,neutral
dataset\neutral\neutral_212.jpg,neutral
dataset\neutral\neutral_213.jpg,neutral
dataset\neutral\neutral_214.jpg,neutral
dataset\neutral\neutral_215.jpg,neutral
dataset\neutral\neutral_216.jpg,neutral
dataset\neutral\neutral_217.jpg,neutral
dataset\neutral\neutral_218.jpg,neutral
dataset\neutral\neutral_219.jpg,neutral
dataset\neutral\neutral_220.jpg,neutral
dataset\neutral\neutral_221.jpg,neutral
dataset\neutral\neutral_222.jpg,neutral
dataset\sad\sad_154.jpg,sad
dataset\neutral\neutral_223.jpg,neutral
dataset\sad\sad_155.jpg,sad
dataset\neutral\neutral_224.jpg,neutral
dataset\fear\fear_27.jpg,fear
dataset\sad\sad_156.jpg,sad
dataset\fear\fear_28.jpg,fear
dataset\sad\sad_157.jpg,sad
dataset\fear\fear_29.jpg,fear
dataset\neutral\neutral_225.jpg,neutral
dataset\angry\angry_16.jpg,angry
dataset\sad\sad_158.jpg,sad
dataset\happy\happy_152.jpg,happy
dataset\sad\sad_159.jpg,sad
dataset\neutral\neutral_226.jpg,neutral
dataset\neutral\neutral_227.jpg,neutral
dataset\neutral\neutral_228.jpg,neutral
dataset\neutral\neutral_229.jpg,neutral
dataset\neutral\neutral_230.jpg,neutral
dataset\neutral\neutral_231.jpg,neutral
dataset\neutral\neutral_232.jpg,neutral
dataset\neutral\neutral_233.jpg,neutral
dataset\neutral\neutral_234.jpg,neutral
dataset\neutral\neutral_235.jpg,neutral
dataset\angry\angry_17.jpg,angry
dataset\neutral\neutral_236.jpg,neutral
dataset\neutral\neutral_237.jpg,neutral
dataset\neutral\neutral_238.jpg,neutral
dataset\neutral\neutral_239.jpg,neutral
dataset\sad\sad_160.jpg,sad
dataset\sad\sad_161.jpg,sad
dataset\sad\sad_162.jpg,sad
dataset\sad\sad_163.jpg,sad
dataset\sad\sad_164.jpg,sad
dataset\sad\sad_165.jpg,sad
dataset\neutral\neutral_240.jpg,neutral
dataset\neutral\neutral_241.jpg,neutral
dataset\neutral\neutral_242.jpg,neutral
dataset\angry\angry_18.jpg,angry
dataset\sad\sad_166.jpg,sad
dataset\sad\sad_167.jpg,sad
dataset\sad\sad_168.jpg,sad
dataset\sad\sad_169.jpg,sad
dataset\sad\sad_170.jpg,sad
dataset\neutral\neutral_243.jpg,neutral
dataset\happy\happy_153.jpg,happy
dataset\angry\angry_19.jpg,angry
dataset\neutral\neutral_244.jpg,neutral
dataset\neutral\neutral_245.jpg,neutral
dataset\sad\sad_171.jpg,sad
dataset\neutral\neutral_246.jpg,neutral
dataset\neutral\neutral_247.jpg,neutral
dataset\neutral\neutral_248.jpg,neutral
dataset\happy\happy_154.jpg,happy
dataset\neutral\neutral_249.jpg,neutral
dataset\sad\sad_172.jpg,sad
dataset\neutral\neutral_250.jpg,neutral
dataset\neutral\neutral_251.jpg,neutral
dataset\sad\sad_173.jpg,sad
dataset\sad\sad_174.jpg,sad
dataset\sad\sad_175.jpg,sad
dataset\neutral\neutral_252.jpg,neutral
dataset\sad\sad_176.jpg,sad
dataset\neutral\neutral_253.jpg,neutral
dataset\neutral\neutral_254.jpg,neutral
dataset\sad\sad_177.jpg,sad
dataset\happy\happy_155.jpg,happy
dataset\neutral\neutral_255.jpg,neutral
dataset\sad\sad_178.jpg,sad
dataset\neutral\neutral_256.jpg,neutral
dataset\angry\angry_20.jpg,angry
dataset\happy\happy_156.jpg,happy
dataset\neutral\neutral_257.jpg,neutral
dataset\sad\sad_179.jpg,sad
dataset\fear\fear_30.jpg,fear
dataset\neutral\neutral_258.jpg,neutral
dataset\neutral\neutral_259.jpg,neutral
dataset\sad\sad_180.jpg,sad
dataset\neutral\neutral_260.jpg,neutral
dataset\neutral\neutral_261.jpg,neutral
dataset\sad\sad_181.jpg,sad
dataset\neutral\neutral_262.jpg,neutral
dataset\neutral\neutral_263.jpg,neutral
dataset\sad\sad_182.jpg,sad
dataset\neutral\neutral_264.jpg,neutral
dataset\sad\sad_183.jpg,sad
dataset\neutral\neutral_265.jpg,neutral
dataset\sad\sad_184.jpg,sad
dataset\neutral\neutral_266.jpg,neutral
dataset\sad\sad_185.jpg,sad
dataset\neutral\neutral_267.jpg,neutral
dataset\neutral\neutral_268.jpg,neutral
dataset\sad\sad_186.jpg,sad
dataset\neutral\neutral_269.jpg,neutral
dataset\neutral\neutral_270.jpg,neutral
dataset\neutral\neutral_271.jpg,neutral
dataset\neutral\neutral_272.jpg,neutral
dataset\neutral\neutral_273.jpg,neutral
dataset\neutral\neutral_274.jpg,neutral
dataset\sad\sad_187.jpg,sad
dataset\neutral\neutral_275.jpg,neutral
dataset\neutral\neutral_276.jpg,neutral
dataset\neutral\neutral_277.jpg,neutral
dataset\neutral\neutral_278.jpg,neutral
dataset\neutral\neutral_279.jpg,neutral
dataset\sad\sad_188.jpg,sad
dataset\sad\sad_189.jpg,sad
dataset\neutral\neutral_280.jpg,neutral
dataset\sad\sad_190.jpg,sad
dataset\neutral\neutral_281.jpg,neutral
dataset\sad\sad_191.jpg,sad
dataset\neutral\neutral_282.jpg,neutral
dataset\happy\happy_157.jpg,happy
dataset\sad\sad_192.jpg,sad
dataset\neutral\neutral_283.jpg,neutral
dataset\neutral\neutral_284.jpg,neutral
dataset\fear\fear_31.jpg,fear
dataset\sad\sad_193.jpg,sad
dataset\happy\happy_158.jpg,happy
dataset\sad\sad_194.jpg,sad
dataset\neutral\neutral_285.jpg,neutral
dataset\neutral\neutral_286.jpg,neutral
dataset\sad\sad_195.jpg,sad
dataset\happy\happy_159.jpg,happy
dataset\neutral\neutral_287.jpg,neutral
dataset\neutral\neutral_288.jpg,neutral
dataset\sad\sad_196.jpg,sad
dataset\neutral\neutral_289.jpg,neutral
dataset\neutral\neutral_290.jpg,neutral
dataset\sad\sad_197.jpg,sad
dataset\neutral\neutral_291.jpg,neutral
dataset\neutral\neutral_292.jpg,neutral
dataset\neutral\neutral_293.jpg,neutral
dataset\neutral\neutral_294.jpg,neutral
dataset\sad\sad_198.jpg,sad
dataset\neutral\neutral_295.jpg,neutral
dataset\sad\sad_199.jpg,sad
dataset\sad\sad_200.jpg,sad
dataset\neutral\neutral_296.jpg,neutral
dataset\neutral\neutral_297.jpg,neutral
dataset\neutral\neutral_298.jpg,neutral
dataset\sad\sad_201.jpg,sad
dataset\neutral\neutral_299.jpg,neutral
dataset\neutral\neutral_300.jpg,neutral
dataset\neutral\neutral_301.jpg,neutral
dataset\sad\sad_202.jpg,sad
dataset\neutral\neutral_302.jpg,neutral
dataset\neutral\neutral_303.jpg,neutral
dataset\sad\sad_203.jpg,sad
dataset\happy\happy_160.jpg,happy
dataset\neutral\neutral_304.jpg,neutral
dataset\neutral\neutral_305.jpg,neutral
dataset\neutral\neutral_306.jpg,neutral
dataset\neutral\neutral_307.jpg,neutral
dataset\sad\sad_204.jpg,sad
dataset\sad\sad_205.jpg,sad
dataset\sad\sad_206.jpg,sad
dataset\fear\fear_32.jpg,fear
dataset\sad\sad_207.jpg,sad
dataset\sad\sad_208.jpg,sad
dataset\sad\sad_209.jpg,sad
dataset\angry\angry_21.jpg,angry
dataset\sad\sad_210.jpg,sad
dataset\sad\sad_211.jpg,sad
dataset\neutral\neutral_308.jpg,neutral
dataset\sad\sad_212.jpg,sad
dataset\happy\happy_161.jpg,happy
dataset\happy\happy_162.jpg,happy
dataset\happy\happy_163.jpg,happy
dataset\happy\happy_164.jpg,happy
dataset\fear\fear_33.jpg,fear
dataset\happy\happy_165.jpg,happy
dataset\sad\sad_213.jpg,sad
dataset\happy\happy_166.jpg,happy
dataset\fear\fear_34.jpg,fear
dataset\happy\happy_167.jpg,happy
dataset\happy\happy_168.jpg,happy
dataset\fear\fear_35.jpg,fear
dataset\happy\happy_169.jpg,happy
dataset\happy\happy_170.jpg,happy
dataset\neutral\neutral_309.jpg,neutral
dataset\happy\happy_171.jpg,happy
dataset\happy\happy_172.jpg,happy
dataset\fear\fear_36.jpg,fear
dataset\happy\happy_173.jpg,happy
dataset\happy\happy_174.jpg,happy
dataset\happy\happy_175.jpg,happy
dataset\neutral\neutral_310.jpg,neutral
dataset\happy\happy_176.jpg,happy
dataset\neutral\neutral_311.jpg,neutral
dataset\fear\fear_37.jpg,fear
dataset\happy\happy_177.jpg,happy
dataset\neutral\neutral_312.jpg,neutral
dataset\happy\happy_178.jpg,happy
dataset\neutral\neutral_313.jpg,neutral
dataset\sad\sad_214.jpg,sad
dataset\fear\fear_38.jpg,fear
dataset\sad\sad_215.jpg,sad
dataset\happy\happy_179.jpg,happy
dataset\neutral\neutral_314.jpg,neutral
dataset\neutral\neutral_315.jpg,neutral
dataset\fear\fear_39.jpg,fear
dataset\neutral\neutral_316.jpg,neutral
dataset\surprise\surprise_1.jpg,surprise
dataset\neutral\neutral_317.jpg,neutral
dataset\neutral\neutral_318.jpg,neutral
dataset\neutral\neutral_319.jpg,neutral
dataset\fear\fear_40.jpg,fear
dataset\neutral\neutral_320.jpg,neutral
dataset\fear\fear_41.jpg,fear
dataset\neutral\neutral_321.jpg,neutral
dataset\neutral\neutral_322.jpg,neutral
dataset\neutral\neutral_323.jpg,neutral
dataset\fear\fear_42.jpg,fear
dataset\neutral\neutral_324.jpg,neutral
dataset\fear\fear_43.jpg,fear
dataset\neutral\neutral_325.jpg,neutral
dataset\happy\happy_180.jpg,happy
dataset\happy\happy_181.jpg,happy
dataset\happy\happy_182.jpg,happy
dataset\neutral\neutral_326.jpg,neutral
dataset\fear\fear_44.jpg,fear
dataset\neutral\neutral_327.jpg,neutral
dataset\happy\happy_183.jpg,happy
dataset\neutral\neutral_328.jpg,neutral
dataset\sad\sad_216.jpg,sad
dataset\neutral\neutral_329.jpg,neutral
dataset\sad\sad_217.jpg,sad
dataset\happy\happy_184.jpg,happy
dataset\fear\fear_45.jpg,fear
dataset\happy\happy_185.jpg,happy
dataset\fear\fear_46.jpg,fear
dataset\happy\happy_186.jpg,happy
dataset\happy\happy_187.jpg,happy
dataset\sad\sad_218.jpg,sad
dataset\happy\happy_188.jpg,happy
dataset\happy\happy_189.jpg,happy
dataset\happy\happy_190.jpg,happy
dataset\happy\happy_191.jpg,happy
dataset\happy\happy_192.jpg,happy
dataset\happy\happy_193.jpg,happy
dataset\happy\happy_194.jpg,happy
dataset\happy\happy_195.jpg,happy
dataset\happy\happy_196.jpg,happy
dataset\neutral\neutral_330.jpg,neutral
dataset\happy\happy_197.jpg,happy
dataset\happy\happy_198.jpg,happy
dataset\happy\happy_199.jpg,happy
dataset\happy\happy_200.jpg,happy
dataset\happy\happy_201.jpg,happy
dataset\happy\happy_202.jpg,happy
dataset\fear\fear_47.jpg,fear
dataset\happy\happy_203.jpg,happy
dataset\sad\sad_219.jpg,sad
dataset\neutral\neutral_331.jpg,neutral
dataset\sad\sad_220.jpg,sad
dataset\sad\sad_221.jpg,sad
dataset\neutral\neutral_332.jpg,neutral
dataset\happy\happy_204.jpg,happy
dataset\sad\sad_222.jpg,sad
dataset\happy\happy_205.jpg,happy
dataset\happy\happy_206.jpg,happy
dataset\fear\fear_48.jpg,fear
dataset\neutral\neutral_333.jpg,neutral
dataset\sad\sad_223.jpg,sad
dataset\neutral\neutral_334.jpg,neutral
dataset\sad\sad_224.jpg,sad
dataset\happy\happy_207.jpg,happy
dataset\sad\sad_225.jpg,sad
dataset\happy\happy_208.jpg,happy
dataset\neutral\neutral_335.jpg,neutral
dataset\neutral\neutral_336.jpg,neutral
dataset\neutral\neutral_337.jpg,neutral
dataset\happy\happy_209.jpg,happy
dataset\happy\happy_210.jpg,happy
dataset\neutral\neutral_338.jpg,neutral
dataset\happy\happy_211.jpg,happy
dataset\sad\sad_226.jpg,sad
dataset\happy\happy_212.jpg,happy
dataset\happy\happy_213.jpg,happy
dataset\sad\sad_227.jpg,sad
dataset\neutral\neutral_339.jpg,neutral
dataset\happy\happy_214.jpg,happy
dataset\happy\happy_215.jpg,happy
dataset\happy\happy_216.jpg,happy
dataset\happy\happy_217.jpg,happy
dataset\neutral\neutral_340.jpg,neutral
dataset\neutral\neutral_341.jpg,neutral
dataset\neutral\neutral_342.jpg,neutral
dataset\neutral\neutral_343.jpg,neutral
dataset\neutral\neutral_344.jpg,neutral
dataset\happy\happy_218.jpg,happy
dataset\neutral\neutral_345.jpg,neutral
dataset\neutral\neutral_346.jpg,neutral
dataset\happy\happy_219.jpg,happy
dataset\neutral\neutral_347.jpg,neutral
dataset\happy\happy_220.jpg,happy
dataset\neutral\neutral_348.jpg,neutral
dataset\neutral\neutral_349.jpg,neutral
dataset\neutral\neutral_350.jpg,neutral
dataset\sad\sad_228.jpg,sad
dataset\sad\sad_229.jpg,sad
dataset\happy\happy_221.jpg,happy
dataset\sad\sad_230.jpg,sad
dataset\fear\fear_49.jpg,fear
dataset\sad\sad_231.jpg,sad
dataset\happy\happy_222.jpg,happy
dataset\happy\happy_223.jpg,happy
dataset\neutral\neutral_351.jpg,neutral
dataset\happy\happy_224.jpg,happy
dataset\happy\happy_225.jpg,happy
dataset\happy\happy_226.jpg,happy
dataset\happy\happy_227.jpg,happy
dataset\happy\happy_228.jpg,happy
dataset\happy\happy_229.jpg,happy
dataset\happy\happy_230.jpg,happy
dataset\happy\happy_231.jpg,happy
dataset\happy\happy_232.jpg,happy
dataset\happy\happy_233.jpg,happy
dataset\happy\happy_234.jpg,happy
dataset\happy\happy_235.jpg,happy
dataset\happy\happy_236.jpg,happy
dataset\happy\happy_237.jpg,happy
dataset\fear\fear_50.jpg,fear
dataset\happy\happy_238.jpg,happy
dataset\happy\happy_239.jpg,happy
dataset\happy\happy_240.jpg,happy
dataset\happy\happy_241.jpg,happy
dataset\neutral\neutral_352.jpg,neutral
dataset\happy\happy_242.jpg,happy
dataset\happy\happy_243.jpg,happy
dataset\happy\happy_244.jpg,happy
dataset\happy\happy_245.jpg,happy
dataset\happy\happy_246.jpg,happy
dataset\happy\happy_247.jpg,happy
dataset\happy\happy_248.jpg,happy
dataset\fear\fear_51.jpg,fear
dataset\fear\fear_52.jpg,fear
dataset\happy\happy_249.jpg,happy
dataset\happy\happy_250.jpg,happy
dataset\happy\happy_251.jpg,happy
dataset\happy\happy_252.jpg,happy
dataset\fear\fear_53.jpg,fear
dataset\happy\happy_253.jpg,happy
dataset\happy\happy_254.jpg,happy
dataset\happy\happy_255.jpg,happy
dataset\happy\happy_256.jpg,happy
dataset\happy\happy_257.jpg,happy
dataset\happy\happy_258.jpg,happy
dataset\happy\happy_259.jpg,happy
dataset\happy\happy_260.jpg,happy
dataset\fear\fear_54.jpg,fear
dataset\happy\happy_261.jpg,happy
dataset\happy\happy_262.jpg,happy
dataset\happy\happy_263.jpg,happy
dataset\happy\happy_264.jpg,happy
dataset\happy\happy_265.jpg,happy
dataset\happy\happy_266.jpg,happy
dataset\happy\happy_267.jpg,happy
dataset\happy\happy_268.jpg,happy
dataset\happy\happy_269.jpg,happy
dataset\happy\happy_270.jpg,happy
dataset\happy\happy_271.jpg,happy
dataset\happy\happy_272.jpg,happy
dataset\fear\fear_55.jpg,fear
dataset\happy\happy_273.jpg,happy
dataset\fear\fear_56.jpg,fear
dataset\happy\happy_274.jpg,happy
dataset\happy\happy_275.jpg,happy
dataset\fear\fear_57.jpg,fear
dataset\fear\fear_58.jpg,fear
dataset\fear\fear_59.jpg,fear
dataset\happy\happy_276.jpg,happy
dataset\happy\happy_277.jpg,happy
dataset\happy\happy_278.jpg,happy
dataset\happy\happy_279.jpg,happy
dataset\happy\happy_280.jpg,happy
dataset\happy\happy_281.jpg,happy
dataset\neutral\neutral_353.jpg,neutral
dataset\happy\happy_282.jpg,happy
dataset\fear\fear_60.jpg,fear
dataset\fear\fear_61.jpg,fear
dataset\neutral\neutral_354.jpg,neutral
dataset\fear\fear_62.jpg,fear
dataset\neutral\neutral_355.jpg,neutral
dataset\fear\fear_63.jpg,fear
dataset\fear\fear_64.jpg,fear
dataset\happy\happy_283.jpg,happy
dataset\happy\happy_284.jpg,happy
dataset\sad\sad_232.jpg,sad
dataset\happy\happy_285.jpg,happy
dataset\happy\happy_286.jpg,happy
dataset\happy\happy_287.jpg,happy
dataset\happy\happy_288.jpg,happy
dataset\happy\happy_289.jpg,happy
dataset\happy\happy_290.jpg,happy
dataset\happy\happy_291.jpg,happy
dataset\sad\sad_233.jpg,sad
dataset\happy\happy_292.jpg,happy
dataset\happy\happy_293.jpg,happy
dataset\happy\happy_294.jpg,happy
dataset\happy\happy_295.jpg,happy
dataset\happy\happy_296.jpg,happy
dataset\fear\fear_65.jpg,fear
dataset\sad\sad_234.jpg,sad
dataset\sad\sad_235.jpg,sad
dataset\neutral\neutral_356.jpg,neutral
dataset\neutral\neutral_357.jpg,neutral
dataset\happy\happy_297.jpg,happy
dataset\neutral\neutral_358.jpg,neutral
dataset\happy\happy_298.jpg,happy
dataset\happy\happy_299.jpg,happy
dataset\fear\fear_66.jpg,fear
dataset\fear\fear_67.jpg,fear
dataset\happy\happy_300.jpg,happy
dataset\neutral\neutral_359.jpg,neutral
dataset\happy\happy_301.jpg,happy
dataset\happy\happy_302.jpg,happy
dataset\sad\sad_236.jpg,sad
dataset\happy\happy_303.jpg,happy
dataset\happy\happy_304.jpg,happy
dataset\sad\sad_237.jpg,sad
dataset\sad\sad_238.jpg,sad
dataset\happy\happy_305.jpg,happy
dataset\sad\sad_239.jpg,sad
dataset\happy\happy_306.jpg,happy
dataset\sad\sad_240.jpg,sad
dataset\happy\happy_307.jpg,happy
dataset\sad\sad_241.jpg,sad
dataset\happy\happy_308.jpg,happy
dataset\sad\sad_242.jpg,sad
dataset\sad\sad_243.jpg,sad
dataset\happy\happy_309.jpg,happy
dataset\sad\sad_244.jpg,sad
dataset\sad\sad_245.jpg,sad
dataset\happy\happy_310.jpg,happy
dataset\sad\sad_246.jpg,sad
dataset\sad\sad_247.jpg,sad
dataset\neutral\neutral_360.jpg,neutral
dataset\happy\happy_311.jpg,happy
dataset\happy\happy_312.jpg,happy
dataset\sad\sad_248.jpg,sad
dataset\sad\sad_249.jpg,sad
dataset\happy\happy_313.jpg,happy
dataset\happy\happy_314.jpg,happy
dataset\happy\happy_315.jpg,happy
dataset\happy\happy_316.jpg,happy
dataset\happy\happy_317.jpg,happy
dataset\sad\sad_250.jpg,sad
dataset\sad\sad_251.jpg,sad
dataset\sad\sad_252.jpg,sad
dataset\happy\happy_318.jpg,happy
dataset\sad\sad_253.jpg,sad
dataset\neutral\neutral_361.jpg,neutral
dataset\sad\sad_254.jpg,sad
dataset\happy\happy_319.jpg,happy
dataset\sad\sad_255.jpg,sad
dataset\happy\happy_320.jpg,happy
dataset\surprise\surprise_2.jpg,surprise
dataset\sad\sad_256.jpg,sad
dataset\happy\happy_321.jpg,happy
dataset\happy\happy_322.jpg,happy
dataset\sad\sad_257.jpg,sad
dataset\sad\sad_258.jpg,sad
dataset\happy\happy_323.jpg,happy
dataset\sad\sad_259.jpg,sad
dataset\sad\sad_260.jpg,sad
dataset\sad\sad_261.jpg,sad
dataset\sad\sad_262.jpg,sad
dataset\sad\sad_263.jpg,sad
dataset\happy\happy_324.jpg,happy
dataset\happy\happy_325.jpg,happy
dataset\sad\sad_264.jpg,sad
dataset\sad\sad_265.jpg,sad
dataset\sad\sad_266.jpg,sad
dataset\sad\sad_267.jpg,sad
dataset\sad\sad_268.jpg,sad
dataset\sad\sad_269.jpg,sad
dataset\sad\sad_270.jpg,sad
dataset\happy\happy_326.jpg,happy
dataset\sad\sad_271.jpg,sad
dataset\sad\sad_272.jpg,sad
dataset\sad\sad_273.jpg,sad
dataset\sad\sad_274.jpg,sad
dataset\happy\happy_327.jpg,happy
dataset\neutral\neutral_362.jpg,neutral
dataset\sad\sad_275.jpg,sad
dataset\neutral\neutral_363.jpg,neutral
dataset\happy\happy_328.jpg,happy
dataset\sad\sad_276.jpg,sad
dataset\neutral\neutral_364.jpg,neutral
dataset\sad\sad_277.jpg,sad
dataset\sad\sad_278.jpg,sad
dataset\sad\sad_279.jpg,sad
dataset\sad\sad_280.jpg,sad
dataset\sad\sad_281.jpg,sad
dataset\sad\sad_282.jpg,sad
dataset\sad\sad_283.jpg,sad
dataset\sad\sad_284.jpg,sad
dataset\sad\sad_285.jpg,sad
dataset\sad\sad_286.jpg,sad
dataset\happy\happy_329.jpg,happy
dataset\sad\sad_287.jpg,sad
dataset\sad\sad_288.jpg,sad
dataset\sad\sad_289.jpg,sad
dataset\sad\sad_290.jpg,sad
dataset\sad\sad_291.jpg,sad
dataset\neutral\neutral_365.jpg,neutral
dataset\sad\sad_292.jpg,sad
dataset\sad\sad_293.jpg,sad
dataset\sad\sad_294.jpg,sad
dataset\sad\sad_295.jpg,sad
dataset\sad\sad_296.jpg,sad
dataset\sad\sad_297.jpg,sad
dataset\sad\sad_298.jpg,sad
dataset\sad\sad_299.jpg,sad
dataset\sad\sad_300.jpg,sad
dataset\sad\sad_301.jpg,sad
dataset\sad\sad_302.jpg,sad
dataset\fear\fear_68.jpg,fear
dataset\sad\sad_303.jpg,sad
dataset\fear\fear_69.jpg,fear
dataset\sad\sad_304.jpg,sad
dataset\happy\happy_330.jpg,happy
dataset\sad\sad_305.jpg,sad
dataset\sad\sad_306.jpg,sad
dataset\sad\sad_307.jpg,sad
dataset\sad\sad_308.jpg,sad
dataset\sad\sad_309.jpg,sad
dataset\sad\sad_310.jpg,sad
dataset\sad\sad_311.jpg,sad
dataset\happy\happy_331.jpg,happy
dataset\sad\sad_312.jpg,sad
dataset\sad\sad_313.jpg,sad
dataset\sad\sad_314.jpg,sad
dataset\sad\sad_315.jpg,sad
dataset\sad\sad_316.jpg,sad
dataset\sad\sad_317.jpg,sad
dataset\sad\sad_318.jpg,sad
dataset\sad\sad_319.jpg,sad
dataset\sad\sad_320.jpg,sad
dataset\sad\sad_321.jpg,sad
dataset\sad\sad_322.jpg,sad
dataset\sad\sad_323.jpg,sad
dataset\sad\sad_324.jpg,sad
dataset\sad\sad_325.jpg,sad
dataset\sad\sad_326.jpg,sad
dataset\sad\sad_327.jpg,sad
dataset\sad\sad_328.jpg,sad
dataset\sad\sad_329.jpg,sad
dataset\sad\sad_330.jpg,sad
dataset\sad\sad_331.jpg,sad
dataset\sad\sad_332.jpg,sad
dataset\sad\sad_333.jpg,sad
dataset\sad\sad_334.jpg,sad
dataset\sad\sad_335.jpg,sad
dataset\sad\sad_336.jpg,sad
dataset\sad\sad_337.jpg,sad
dataset\sad\sad_338.jpg,sad
dataset\sad\sad_339.jpg,sad
dataset\sad\sad_340.jpg,sad
dataset\sad\sad_341.jpg,sad
dataset\sad\sad_342.jpg,sad
dataset\sad\sad_343.jpg,sad
dataset\sad\sad_344.jpg,sad
dataset\sad\sad_345.jpg,sad
dataset\sad\sad_346.jpg,sad
dataset\sad\sad_347.jpg,sad
dataset\sad\sad_348.jpg,sad
dataset\sad\sad_349.jpg,sad
dataset\sad\sad_350.jpg,sad
dataset\sad\sad_351.jpg,sad
dataset\sad\sad_352.jpg,sad
dataset\sad\sad_353.jpg,sad
dataset\sad\sad_354.jpg,sad
dataset\sad\sad_355.jpg,sad
dataset\sad\sad_356.jpg,sad
dataset\neutral\neutral_366.jpg,neutral
dataset\neutral\neutral_367.jpg,neutral
dataset\sad\sad_357.jpg,sad
dataset\sad\sad_358.jpg,sad
dataset\surprise\surprise_3.jpg,surprise
dataset\sad\sad_359.jpg,sad
dataset\sad\sad_360.jpg,sad
dataset\sad\sad_361.jpg,sad
dataset\sad\sad_362.jpg,sad
dataset\happy\happy_332.jpg,happy
dataset\neutral\neutral_368.jpg,neutral
dataset\happy\happy_333.jpg,happy
dataset\neutral\neutral_369.jpg,neutral
dataset\neutral\neutral_370.jpg,neutral
dataset\happy\happy_334.jpg,happy
dataset\happy\happy_335.jpg,happy
dataset\happy\happy_336.jpg,happy
dataset\fear\fear_70.jpg,fear
dataset\happy\happy_337.jpg,happy
dataset\happy\happy_338.jpg,happy
dataset\happy\happy_339.jpg,happy
dataset\happy\happy_340.jpg,happy
dataset\happy\happy_341.jpg,happy
dataset\happy\happy_342.jpg,happy
dataset\happy\happy_343.jpg,happy
dataset\happy\happy_344.jpg,happy
dataset\happy\happy_345.jpg,happy
dataset\happy\happy_346.jpg,happy
dataset\happy\happy_347.jpg,happy
dataset\happy\happy_348.jpg,happy
dataset\neutral\neutral_371.jpg,neutral
dataset\neutral\neutral_372.jpg,neutral
dataset\neutral\neutral_373.jpg,neutral
dataset\neutral\neutral_374.jpg,neutral
dataset\happy\happy_349.jpg,happy
dataset\happy\happy_350.jpg,happy
dataset\fear\fear_71.jpg,fear
dataset\happy\happy_351.jpg,happy
dataset\fear\fear_72.jpg,fear
dataset\happy\happy_352.jpg,happy
dataset\happy\happy_353.jpg,happy
dataset\happy\happy_354.jpg,happy
dataset\happy\happy_355.jpg,happy
dataset\happy\happy_356.jpg,happy
dataset\happy\happy_357.jpg,happy
dataset\happy\happy_358.jpg,happy
dataset\happy\happy_359.jpg,happy
dataset\happy\happy_360.jpg,happy
dataset\happy\happy_361.jpg,happy
dataset\happy\happy_362.jpg,happy
dataset\happy\happy_363.jpg,happy
dataset\neutral\neutral_375.jpg,neutral
dataset\happy\happy_364.jpg,happy
dataset\happy\happy_365.jpg,happy
dataset\happy\happy_366.jpg,happy
dataset\happy\happy_367.jpg,happy
dataset\happy\happy_368.jpg,happy
dataset\happy\happy_369.jpg,happy
dataset\happy\happy_370.jpg,happy
dataset\happy\happy_371.jpg,happy
dataset\neutral\neutral_376.jpg,neutral
dataset\neutral\neutral_377.jpg,neutral
dataset\neutral\neutral_378.jpg,neutral
dataset\happy\happy_372.jpg,happy
dataset\neutral\neutral_379.jpg,neutral
dataset\happy\happy_373.jpg,happy
dataset\happy\happy_374.jpg,happy
dataset\happy\happy_375.jpg,happy
dataset\happy\happy_376.jpg,happy
dataset\happy\happy_377.jpg,happy
dataset\happy\happy_378.jpg,happy
dataset\happy\happy_379.jpg,happy
dataset\happy\happy_380.jpg,happy
dataset\happy\happy_381.jpg,happy
dataset\happy\happy_382.jpg,happy
dataset\happy\happy_383.jpg,happy
dataset\happy\happy_384.jpg,happy
dataset\happy\happy_385.jpg,happy
dataset\sad\sad_363.jpg,sad
dataset\happy\happy_386.jpg,happy
dataset\happy\happy_387.jpg,happy
dataset\sad\sad_364.jpg,sad
dataset\happy\happy_388.jpg,happy
dataset\happy\happy_389.jpg,happy
dataset\sad\sad_365.jpg,sad
dataset\sad\sad_366.jpg,sad
dataset\happy\happy_390.jpg,happy
dataset\happy\happy_391.jpg,happy
dataset\happy\happy_392.jpg,happy
dataset\happy\happy_393.jpg,happy
dataset\happy\happy_394.jpg,happy
dataset\happy\happy_395.jpg,happy
dataset\happy\happy_396.jpg,happy
dataset\happy\happy_397.jpg,happy
dataset\happy\happy_398.jpg,happy
dataset\happy\happy_399.jpg,happy
dataset\happy\happy_400.jpg,happy
dataset\fear\fear_73.jpg,fear
dataset\happy\happy_401.jpg,happy
dataset\happy\happy_402.jpg,happy
dataset\happy\happy_403.jpg,happy
dataset\happy\happy_404.jpg,happy
dataset\happy\happy_405.jpg,happy
dataset\happy\happy_406.jpg,happy
dataset\happy\happy_407.jpg,happy
dataset\happy\happy_408.jpg,happy
dataset\happy\happy_409.jpg,happy
dataset\happy\happy_410.jpg,happy
dataset\happy\happy_411.jpg,happy
dataset\happy\happy_412.jpg,happy
dataset\happy\happy_413.jpg,happy
dataset\sad\sad_367.jpg,sad
dataset\neutral\neutral_380.jpg,neutral
dataset\happy\happy_414.jpg,happy
dataset\happy\happy_415.jpg,happy
dataset\happy\happy_416.jpg,happy
dataset\neutral\neutral_381.jpg,neutral
dataset\happy\happy_417.jpg,happy
dataset\neutral\neutral_382.jpg,neutral
dataset\happy\happy_418.jpg,happy
dataset\sad\sad_368.jpg,sad
dataset\happy\happy_419.jpg,happy
dataset\happy\happy_420.jpg,happy
dataset\neutral\neutral_383.jpg,neutral
dataset\happy\happy_421.jpg,happy
dataset\sad\sad_369.jpg,sad
dataset\happy\happy_422.jpg,happy
dataset\neutral\neutral_384.jpg,neutral
dataset\happy\happy_423.jpg,happy
dataset\sad\sad_370.jpg,sad
dataset\happy\happy_424.jpg,happy
dataset\sad\sad_371.jpg,sad
dataset\happy\happy_425.jpg,happy
dataset\sad\sad_372.jpg,sad
dataset\happy\happy_426.jpg,happy
dataset\neutral\neutral_385.jpg,neutral
dataset\happy\happy_427.jpg,happy
dataset\happy\happy_428.jpg,happy
dataset\happy\happy_429.jpg,happy
dataset\neutral\neutral_386.jpg,neutral
dataset\happy\happy_430.jpg,happy
dataset\happy\happy_431.jpg,happy
dataset\happy\happy_432.jpg,happy
dataset\happy\happy_433.jpg,happy
dataset\happy\happy_434.jpg,happy
dataset\happy\happy_435.jpg,happy
dataset\happy\happy_436.jpg,happy
dataset\happy\happy_437.jpg,happy
dataset\neutral\neutral_387.jpg,neutral
dataset\happy\happy_438.jpg,happy
dataset\happy\happy_439.jpg,happy
dataset\neutral\neutral_388.jpg,neutral
dataset\neutral\neutral_389.jpg,neutral
dataset\fear\fear_74.jpg,fear
dataset\happy\happy_440.jpg,happy
dataset\fear\fear_75.jpg,fear
dataset\neutral\neutral_390.jpg,neutral
dataset\sad\sad_373.jpg,sad
dataset\fear\fear_76.jpg,fear
dataset\happy\happy_441.jpg,happy
dataset\neutral\neutral_391.jpg,neutral
dataset\neutral\neutral_392.jpg,neutral
dataset\happy\happy_442.jpg,happy
dataset\neutral\neutral_393.jpg,neutral
dataset\happy\happy_443.jpg,happy
dataset\sad\sad_374.jpg,sad
dataset\neutral\neutral_394.jpg,neutral
dataset\neutral\neutral_395.jpg,neutral
dataset\happy\happy_444.jpg,happy
dataset\neutral\neutral_396.jpg,neutral
dataset\neutral\neutral_397.jpg,neutral
dataset\happy\happy_445.jpg,happy
dataset\sad\sad_375.jpg,sad
dataset\happy\happy_446.jpg,happy
dataset\neutral\neutral_398.jpg,neutral
dataset\happy\happy_447.jpg,happy
dataset\happy\happy_448.jpg,happy
dataset\happy\happy_449.jpg,happy
dataset\fear\fear_77.jpg,fear
dataset\neutral\neutral_399.jpg,neutral
dataset\sad\sad_376.jpg,sad
dataset\neutral\neutral_400.jpg,neutral
dataset\fear\fear_78.jpg,fear
dataset\neutral\neutral_401.jpg,neutral
dataset\neutral\neutral_402.jpg,neutral
dataset\sad\sad_377.jpg,sad
dataset\happy\happy_450.jpg,happy
dataset\sad\sad_378.jpg,sad
dataset\sad\sad_379.jpg,sad
dataset\happy\happy_451.jpg,happy
dataset\neutral\neutral_403.jpg,neutral
dataset\happy\happy_452.jpg,happy
dataset\happy\happy_453.jpg,happy
dataset\happy\happy_454.jpg,happy
dataset\happy\happy_455.jpg,happy
dataset\happy\happy_456.jpg,happy
dataset\happy\happy_457.jpg,happy
dataset\fear\fear_79.jpg,fear
dataset\neutral\neutral_404.jpg,neutral
dataset\happy\happy_458.jpg,happy
dataset\happy\happy_459.jpg,happy
dataset\happy\happy_460.jpg,happy
dataset\happy\happy_461.jpg,happy
dataset\neutral\neutral_405.jpg,neutral
dataset\neutral\neutral_406.jpg,neutral
dataset\sad\sad_380.jpg,sad
dataset\neutral\neutral_407.jpg,neutral
dataset\happy\happy_462.jpg,happy
dataset\neutral\neutral_408.jpg,neutral
dataset\happy\happy_463.jpg,happy
dataset\neutral\neutral_409.jpg,neutral
dataset\happy\happy_464.jpg,happy
dataset\sad\sad_381.jpg,sad
dataset\neutral\neutral_410.jpg,neutral
dataset\happy\happy_465.jpg,happy
dataset\happy\happy_466.jpg,happy
dataset\neutral\neutral_411.jpg,neutral
dataset\happy\happy_467.jpg,happy
dataset\neutral\neutral_412.jpg,neutral
dataset\surprise\surprise_4.jpg,surprise
dataset\surprise\surprise_5.jpg,surprise
dataset\neutral\neutral_413.jpg,neutral
dataset\neutral\neutral_414.jpg,neutral
dataset\neutral\neutral_415.jpg,neutral
dataset\happy\happy_468.jpg,happy
dataset\neutral\neutral_416.jpg,neutral
dataset\neutral\neutral_417.jpg,neutral
dataset\happy\happy_469.jpg,happy
dataset\neutral\neutral_418.jpg,neutral
dataset\neutral\neutral_419.jpg,neutral
dataset\happy\happy_470.jpg,happy
dataset\neutral\neutral_420.jpg,neutral
dataset\happy\happy_471.jpg,happy
dataset\neutral\neutral_421.jpg,neutral
dataset\neutral\neutral_422.jpg,neutral
dataset\neutral\neutral_423.jpg,neutral
dataset\happy\happy_472.jpg,happy
dataset\neutral\neutral_424.jpg,neutral
dataset\happy\happy_473.jpg,happy
dataset\fear\fear_80.jpg,fear
dataset\neutral\neutral_425.jpg,neutral
dataset\happy\happy_474.jpg,happy
dataset\neutral\neutral_426.jpg,neutral
dataset\happy\happy_475.jpg,happy
dataset\fear\fear_81.jpg,fear
dataset\happy\happy_476.jpg,happy
dataset\neutral\neutral_427.jpg,neutral
dataset\sad\sad_382.jpg,sad
dataset\neutral\neutral_428.jpg,neutral
dataset\happy\happy_477.jpg,happy
dataset\happy\happy_478.jpg,happy
dataset\happy\happy_479.jpg,happy
dataset\fear\fear_82.jpg,fear
dataset\happy\happy_480.jpg,happy
dataset\happy\happy_481.jpg,happy
dataset\neutral\neutral_429.jpg,neutral
dataset\surprise\surprise_6.jpg,surprise
dataset\happy\happy_482.jpg,happy
dataset\happy\happy_483.jpg,happy
dataset\happy\happy_484.jpg,happy
dataset\fear\fear_83.jpg,fear
dataset\happy\happy_485.jpg,happy
dataset\neutral\neutral_430.jpg,neutral
dataset\sad\sad_383.jpg,sad
dataset\fear\fear_84.jpg,fear
dataset\sad\sad_384.jpg,sad
dataset\surprise\surprise_7.jpg,surprise
dataset\fear\fear_85.jpg,fear
dataset\neutral\neutral_431.jpg,neutral
dataset\angry\angry_22.jpg,angry
dataset\neutral\neutral_432.jpg,neutral
dataset\sad\sad_385.jpg,sad
dataset\neutral\neutral_433.jpg,neutral
dataset\angry\angry_23.jpg,angry
dataset\angry\angry_24.jpg,angry
dataset\sad\sad_386.jpg,sad
dataset\neutral\neutral_434.jpg,neutral
dataset\neutral\neutral_435.jpg,neutral
dataset\sad\sad_387.jpg,sad
dataset\angry\angry_25.jpg,angry
dataset\fear\fear_86.jpg,fear
dataset\neutral\neutral_436.jpg,neutral
dataset\sad\sad_388.jpg,sad
dataset\angry\angry_26.jpg,angry
dataset\sad\sad_389.jpg,sad
dataset\sad\sad_390.jpg,sad
dataset\neutral\neutral_437.jpg,neutral
dataset\neutral\neutral_438.jpg,neutral
dataset\neutral\neutral_439.jpg,neutral
dataset\angry\angry_27.jpg,angry
dataset\neutral\neutral_440.jpg,neutral
dataset\angry\angry_28.jpg,angry
dataset\neutral\neutral_441.jpg,neutral
dataset\angry\angry_29.jpg,angry
dataset\neutral\neutral_442.jpg,neutral
dataset\happy\happy_486.jpg,happy
dataset\neutral\neutral_443.jpg,neutral
dataset\happy\happy_487.jpg,happy
dataset\happy\happy_488.jpg,happy
dataset\happy\happy_489.jpg,happy
dataset\surprise\surprise_8.jpg,surprise
dataset\neutral\neutral_444.jpg,neutral
dataset\angry\angry_30.jpg,angry
dataset\neutral\neutral_445.jpg,neutral
dataset\neutral\neutral_446.jpg,neutral
dataset\neutral\neutral_447.jpg,neutral
dataset\happy\happy_490.jpg,happy
dataset\neutral\neutral_448.jpg,neutral
dataset\neutral\neutral_449.jpg,neutral
dataset\happy\happy_491.jpg,happy
dataset\neutral\neutral_450.jpg,neutral
dataset\neutral\neutral_451.jpg,neutral
dataset\happy\happy_492.jpg,happy
dataset\happy\happy_493.jpg,happy
dataset\happy\happy_494.jpg,happy
dataset\neutral\neutral_452.jpg,neutral
dataset\happy\happy_495.jpg,happy
dataset\happy\happy_496.jpg,happy
dataset\happy\happy_497.jpg,happy
dataset\happy\happy_498.jpg,happy
dataset\neutral\neutral_453.jpg,neutral
dataset\neutral\neutral_454.jpg,neutral
dataset\neutral\neutral_455.jpg,neutral
dataset\neutral\neutral_456.jpg,neutral
dataset\neutral\neutral_457.jpg,neutral
dataset\happy\happy_499.jpg,happy
dataset\neutral\neutral_458.jpg,neutral
dataset\neutral\neutral_459.jpg,neutral
dataset\neutral\neutral_460.jpg,neutral
dataset\neutral\neutral_461.jpg,neutral
dataset\neutral\neutral_462.jpg,neutral
dataset\neutral\neutral_463.jpg,neutral
dataset\neutral\neutral_464.jpg,neutral
dataset\neutral\neutral_465.jpg,neutral
dataset\neutral\neutral_466.jpg,neutral
dataset\neutral\neutral_467.jpg,neutral
dataset\fear\fear_87.jpg,fear
dataset\neutral\neutral_468.jpg,neutral
dataset\neutral\neutral_469.jpg,neutral
dataset\neutral\neutral_470.jpg,neutral
dataset\neutral\neutral_471.jpg,neutral
dataset\neutral\neutral_472.jpg,neutral
dataset\neutral\neutral_473.jpg,neutral
dataset\neutral\neutral_474.jpg,neutral
dataset\neutral\neutral_475.jpg,neutral
dataset\neutral\neutral_476.jpg,neutral
dataset\neutral\neutral_477.jpg,neutral
dataset\neutral\neutral_478.jpg,neutral
dataset\neutral\neutral_479.jpg,neutral
dataset\neutral\neutral_480.jpg,neutral
dataset\neutral\neutral_481.jpg,neutral
dataset\neutral\neutral_482.jpg,neutral
dataset\neutral\neutral_483.jpg,neutral
dataset\neutral\neutral_484.jpg,neutral
dataset\neutral\neutral_485.jpg,neutral
dataset\neutral\neutral_486.jpg,neutral
dataset\neutral\neutral_487.jpg,neutral
dataset\neutral\neutral_488.jpg,neutral
dataset\neutral\neutral_489.jpg,neutral
dataset\neutral\neutral_490.jpg,neutral
dataset\surprise\surprise_9.jpg,surprise
dataset\sad\sad_391.jpg,sad
dataset\neutral\neutral_491.jpg,neutral
dataset\neutral\neutral_492.jpg,neutral
dataset\neutral\neutral_493.jpg,neutral
dataset\sad\sad_392.jpg,sad
dataset\neutral\neutral_494.jpg,neutral
dataset\neutral\neutral_495.jpg,neutral
dataset\neutral\neutral_496.jpg,neutral
dataset\surprise\surprise_10.jpg,surprise
dataset\surprise\surprise_11.jpg,surprise
dataset\neutral\neutral_497.jpg,neutral
dataset\sad\sad_393.jpg,sad
dataset\neutral\neutral_498.jpg,neutral
dataset\neutral\neutral_499.jpg,neutral
dataset\fear\fear_88.jpg,fear
dataset\surprise\surprise_12.jpg,surprise
dataset\sad\sad_394.jpg,sad
dataset\surprise\surprise_13.jpg,surprise
dataset\fear\fear_89.jpg,fear
dataset\surprise\surprise_14.jpg,surprise
dataset\surprise\surprise_15.jpg,surprise
dataset\fear\fear_90.jpg,fear
dataset\fear\fear_91.jpg,fear
dataset\sad\sad_395.jpg,sad
dataset\fear\fear_92.jpg,fear
dataset\sad\sad_396.jpg,sad
dataset\sad\sad_397.jpg,sad
dataset\sad\sad_398.jpg,sad
dataset\angry\angry_31.jpg,angry
dataset\sad\sad_399.jpg,sad
dataset\sad\sad_400.jpg,sad
dataset\sad\sad_401.jpg,sad
dataset\sad\sad_402.jpg,sad
dataset\fear\fear_93.jpg,fear
dataset\sad\sad_403.jpg,sad
dataset\sad\sad_404.jpg,sad
dataset\fear\fear_94.jpg,fear
dataset\sad\sad_405.jpg,sad
dataset\sad\sad_406.jpg,sad
dataset\fear\fear_95.jpg,fear
dataset\sad\sad_407.jpg,sad
dataset\fear\fear_96.jpg,fear
dataset\fear\fear_97.jpg,fear
dataset\fear\fear_98.jpg,fear
dataset\sad\sad_408.jpg,sad
dataset\sad\sad_409.jpg,sad
dataset\sad\sad_410.jpg,sad
dataset\sad\sad_411.jpg,sad
dataset\sad\sad_412.jpg,sad
dataset\sad\sad_413.jpg,sad
dataset\sad\sad_414.jpg,sad
dataset\sad\sad_415.jpg,sad
dataset\sad\sad_416.jpg,sad
dataset\sad\sad_417.jpg,sad
dataset\sad\sad_418.jpg,sad
dataset\sad\sad_419.jpg,sad
dataset\sad\sad_420.jpg,sad
dataset\surprise\surprise_16.jpg,surprise
dataset\sad\sad_421.jpg,sad
dataset\sad\sad_422.jpg,sad
dataset\fear\fear_99.jpg,fear
dataset\sad\sad_423.jpg,sad
dataset\sad\sad_424.jpg,sad
dataset\angry\angry_32.jpg,angry
dataset\sad\sad_425.jpg,sad
dataset\fear\fear_100.jpg,fear
dataset\fear\fear_101.jpg,fear
dataset\sad\sad_426.jpg,sad
dataset\sad\sad_427.jpg,sad
dataset\sad\sad_428.jpg,sad
dataset\sad\sad_429.jpg,sad
dataset\sad\sad_430.jpg,sad
dataset\sad\sad_431.jpg,sad
dataset\fear\fear_102.jpg,fear
dataset\sad\sad_432.jpg,sad
dataset\sad\sad_433.jpg,sad
dataset\sad\sad_434.jpg,sad
dataset\sad\sad_435.jpg,sad
dataset\fear\fear_103.jpg,fear
dataset\fear\fear_104.jpg,fear
dataset\fear\fear_105.jpg,fear
dataset\sad\sad_436.jpg,sad
dataset\sad\sad_437.jpg,sad
dataset\sad\sad_438.jpg,sad
dataset\sad\sad_439.jpg,sad
dataset\sad\sad_440.jpg,sad
dataset\sad\sad_441.jpg,sad
dataset\sad\sad_442.jpg,sad
dataset\fear\fear_106.jpg,fear
dataset\sad\sad_443.jpg,sad
dataset\angry\angry_33.jpg,angry
dataset\sad\sad_444.jpg,sad
dataset\fear\fear_107.jpg,fear
dataset\sad\sad_445.jpg,sad
dataset\fear\fear_108.jpg,fear
dataset\fear\fear_109.jpg,fear
dataset\fear\fear_110.jpg,fear
dataset\sad\sad_446.jpg,sad
dataset\fear\fear_111.jpg,fear
dataset\fear\fear_112.jpg,fear
dataset\sad\sad_447.jpg,sad
dataset\sad\sad_448.jpg,sad
dataset\surprise\surprise_17.jpg,surprise
dataset\surprise\surprise_18.jpg,surprise
dataset\surprise\surprise_19.jpg,surprise
dataset\surprise\surprise_20.jpg,surprise
dataset\surprise\surprise_21.jpg,surprise
dataset\sad\sad_449.jpg,sad
dataset\surprise\surprise_22.jpg,surprise
dataset\sad\sad_450.jpg,sad
dataset\surprise\surprise_23.jpg,surprise
dataset\sad\sad_451.jpg,sad
dataset\fear\fear_113.jpg,fear
dataset\surprise\surprise_24.jpg,surprise
dataset\surprise\surprise_25.jpg,surprise
dataset\surprise\surprise_26.jpg,surprise
dataset\sad\sad_452.jpg,sad
dataset\sad\sad_453.jpg,sad
dataset\sad\sad_454.jpg,sad
dataset\sad\sad_455.jpg,sad
dataset\sad\sad_456.jpg,sad
dataset\sad\sad_457.jpg,sad
dataset\sad\sad_458.jpg,sad
dataset\angry\angry_34.jpg,angry
dataset\sad\sad_459.jpg,sad
dataset\fear\fear_114.jpg,fear
dataset\sad\sad_460.jpg,sad
dataset\sad\sad_461.jpg,sad
dataset\fear\fear_115.jpg,fear
dataset\sad\sad_462.jpg,sad
dataset\sad\sad_463.jpg,sad
dataset\sad\sad_464.jpg,sad
dataset\sad\sad_465.jpg,sad
dataset\fear\fear_116.jpg,fear
dataset\sad\sad_466.jpg,sad
dataset\sad\sad_467.jpg,sad
dataset\sad\sad_468.jpg,sad
dataset\sad\sad_469.jpg,sad
dataset\sad\sad_470.jpg,sad
dataset\fear\fear_117.jpg,fear
dataset\surprise\surprise_27.jpg,surprise
dataset\sad\sad_471.jpg,sad
dataset\fear\fear_118.jpg,fear
dataset\sad\sad_472.jpg,sad
dataset\sad\sad_473.jpg,sad
dataset\fear\fear_119.jpg,fear
dataset\fear\fear_120.jpg,fear
dataset\sad\sad_474.jpg,sad
dataset\sad\sad_475.jpg,sad
dataset\sad\sad_476.jpg,sad
dataset\sad\sad_477.jpg,sad
dataset\fear\fear_121.jpg,fear
dataset\sad\sad_478.jpg,sad
dataset\sad\sad_479.jpg,sad
dataset\fear\fear_122.jpg,fear
dataset\angry\angry_35.jpg,angry
dataset\sad\sad_480.jpg,sad
dataset\sad\sad_481.jpg,sad
dataset\fear\fear_123.jpg,fear
dataset\sad\sad_482.jpg,sad
dataset\sad\sad_483.jpg,sad
dataset\sad\sad_484.jpg,sad
dataset\sad\sad_485.jpg,sad
dataset\sad\sad_486.jpg,sad
dataset\sad\sad_487.jpg,sad
dataset\fear\fear_124.jpg,fear
dataset\sad\sad_488.jpg,sad
dataset\sad\sad_489.jpg,sad
dataset\fear\fear_125.jpg,fear
dataset\sad\sad_490.jpg,sad
dataset\sad\sad_491.jpg,sad
dataset\sad\sad_492.jpg,sad
dataset\fear\fear_126.jpg,fear
dataset\sad\sad_493.jpg,sad
dataset\sad\sad_494.jpg,sad
dataset\sad\sad_495.jpg,sad
dataset\sad\sad_496.jpg,sad
dataset\fear\fear_127.jpg,fear
dataset\sad\sad_497.jpg,sad
dataset\sad\sad_498.jpg,sad
dataset\sad\sad_499.jpg,sad
dataset\fear\fear_128.jpg,fear
dataset\angry\angry_36.jpg,angry
dataset\fear\fear_129.jpg,fear
dataset\fear\fear_130.jpg,fear
dataset\fear\fear_131.jpg,fear
dataset\fear\fear_132.jpg,fear
dataset\fear\fear_133.jpg,fear
dataset\fear\fear_134.jpg,fear
dataset\fear\fear_135.jpg,fear
dataset\fear\fear_136.jpg,fear
dataset\fear\fear_137.jpg,fear
